ID,Form_ID,Cognateset_ID,Segment_Slice,Alignment,Source
aka-f-0-abs,aka-f-0,1abs,,- - u + r ə,
aku-f-1-abs,aku-f-1,1abs,,- w ɨ - - -,
apa-f-2-abs,apa-f-2,1abs,,ɨ w ɨ - - -,
ara-f-3-abs,ara-f-3,1abs,,- - u + r o,
bak-f-4-abs,bak-f-4,1abs,,- - u + r ə,
car-f-5-abs,car-f-5,1abs,,ə w ɨ - - -,
hix-f-6-abs,hix-f-6,1abs,,- - u + r o,
ikp-f-7-abs,ikp-f-7,1abs,,- - u + r o,
ing-f-8-abs,ing-f-8,1abs,,- - u + r ə,
kar-f-9-abs,kar-f-9,1abs,,a w u - - -,
kax-f-10-abs,kax-f-10,1abs,,o w ɨ - - -,
mac-f-11-abs,mac-f-11,1abs,,- - uu + r ɨ,
mak-f-12-abs,mak-f-12,1abs,,e w ɨ - - -,
map-f-13-abs,map-f-13,1abs,,- w ɨ + h ɨ,
map-f-14-abs,map-f-14,1abs,,- - u + h ɨ,
pan-f-15-abs,pan-f-15,1abs,,- j u - - -,
pem-f-17-abs,pem-f-17,1abs,,- j uu + r ə,
pno-f-20-abs,pno-f-20,1abs,,- - u + r ə,
pno-f-21-abs,pno-f-21,1abs,,- w ɨ + h -,
tam-f-30-abs,tam-f-30,1abs,,- - u + r e,
tri-f-31-abs,tri-f-31,1abs,,- w ɨɨ - - -,
uxc-f-32-abs,uxc-f-32,1abs,,- - u + ɣ e,
wai-f-33-abs,wai-f-33,1abs,,o w ɨ - - -,
way-f-34-abs,way-f-34,1abs,,ɨ w u - - -,
wmr-f-35-abs,wmr-f-35,1abs,,a w ɨ - - -,
yab-f-36-abs,yab-f-36,1abs,,- w ɨ + r ə,
yuk-f-37-abs,yuk-f-37,1abs,,a w ɨ + r -,
aka-f-38-abs,aka-f-38,2abs,,a m ə + r ə,
aku-f-39-abs,aku-f-39,2abs,,ə m ə - - -,
apa-f-40-abs,apa-f-40,2abs,,o m o + r o,
ara-f-41-abs,ara-f-41,2abs,,o m o + r o,
bak-f-42-abs,bak-f-42,2abs,,ə m ə - - -,
car-f-43-abs,car-f-43,2abs,,ə m ə + r ə,
hix-f-44-abs,hix-f-44,2abs,,o m o + r o,
ikp-f-45-abs,ikp-f-45,2abs,,o m - + r o,
ing-f-46-abs,ing-f-46,2abs,,a m ə + r ə,
kar-f-47-abs,kar-f-47,2abs,,a m o + r o,
kax-f-48-abs,kax-f-48,2abs,,o m o + r o,
mac-f-49-abs,mac-f-49,2abs,,a m ɨ + r ɨ,
mak-f-50-abs,mak-f-50,2abs,,a m ə + r ə,
map-f-51-abs,map-f-51,2abs,,- m ə + r ə,
pan-f-52-abs,pan-f-52,2abs,,a m ə + n -,
pem-f-54-abs,pem-f-54,2abs,,a m ə + r ə,
pno-f-56-abs,pno-f-56,2abs,,- m ə + r ə,
tam-f-65-abs,tam-f-65,2abs,,a m a + r e,
tri-f-66-abs,tri-f-66,2abs,,ə m ə - - -,
uxc-f-67-abs,uxc-f-67,2abs,,- - ee + ɣ e,
wai-f-68-abs,wai-f-68,2abs,,a m o + r o,
way-f-69-abs,way-f-69,2abs,,ə m ə + r ə,
way-f-70-abs,way-f-70,2abs,,ə m ə - - -,
wmr-f-71-abs,wmr-f-71,2abs,,a m ɨ + r ɨ,
yab-f-72-abs,yab-f-72,2abs,,- m ə + r ə,
yuk-f-73-abs,yuk-f-73,2abs,,a m o - - -,
yuk-f-74-abs,yuk-f-74,2abs,,a m o + r -,
aku-f-212-abs,aku-f-212,3aabs,,- n ə r ə - - -,
apa-f-213-abs,apa-f-213,3aabs,,ɨ n o r o - - -,
bak-f-214-abs,bak-f-214,3aabs,,i n ə r a - - -,
car-f-215-abs,car-f-215,3aabs,,- n ə r ə - - -,
hix-f-216-abs,hix-f-216,3aabs,,- n o r o - - -,
kar-f-217-abs,kar-f-217,3aabs,,i n o r o - - -,
kar-f-218-abs,kar-f-218,3aabs,,- ɲ o r o - - -,
kax-f-219-abs,kax-f-219,3aabs,,- n o r o - - -,
mak-f-220-abs,mak-f-220,3aabs,,- ɲ əə r ə - - -,
tam-f-227-abs,tam-f-227,3aabs,,- n a r e - - -,
tri-f-228-abs,tri-f-228,3aabs,,- n ə r ə - - -,
uxc-f-229-abs,uxc-f-229,3aabs,,ɨ ŋ e l e - - -,
wai-f-230-abs,wai-f-230,3aabs,,- n o r o - - -,
way-f-231-abs,way-f-231,3aabs,,i n ə r ə + r ə,
aku-f-249-abs,aku-f-249,3iabs,,i r ə,
apa-f-250-abs,apa-f-250,3iabs,,ɨ r o,
bak-f-251-abs,bak-f-251,3iabs,,i l ə,
car-f-252-abs,car-f-252,3iabs,,i r ə,
hix-f-253-abs,hix-f-253,3iabs,,ɨ r o,
kar-f-254-abs,kar-f-254,3iabs,,i r o,
kax-f-255-abs,kax-f-255,3iabs,,i r o,
mak-f-256-abs,mak-f-256,3iabs,,i j ə,
tri-f-263-abs,tri-f-263,3iabs,,i r ə,
uxc-f-264-abs,uxc-f-264,3iabs,,i l e,
uxc-f-265-abs,uxc-f-265,3iabs,,ɨ l e,
wai-f-266-abs,wai-f-266,3iabs,,e r o,
way-f-267-abs,way-f-267,3iabs,,i r ə,
wmr-f-268-abs,wmr-f-268,3iabs,,i r ɨ,
aka-f-0_0,aka-f-0,1,1,- - u,
aka-f-0_1,aka-f-0,emp,2,r ə,
aku-f-1_0,aku-f-1,1,1,- w ɨ,
apa-f-2_0,apa-f-2,1,1,ɨ w ɨ,
ara-f-3_0,ara-f-3,1,1,- - u,
ara-f-3_1,ara-f-3,emp,2,r o,
bak-f-4_0,bak-f-4,1,1,- - u,
bak-f-4_1,bak-f-4,emp,2,r ə,
car-f-5_0,car-f-5,1,1,ə w ɨ,
hix-f-6_0,hix-f-6,1,1,- - u,
hix-f-6_1,hix-f-6,emp,2,r o,
ikp-f-7_0,ikp-f-7,1,1,- - u,
ikp-f-7_1,ikp-f-7,emp,2,r o,
ing-f-8_0,ing-f-8,1,1,- - u,
ing-f-8_1,ing-f-8,emp,2,r ə,
kar-f-9_0,kar-f-9,1,1,a w u,
kax-f-10_0,kax-f-10,1,1,o w ɨ,
mac-f-11_0,mac-f-11,1,1,- - uu,
mac-f-11_1,mac-f-11,emp,2,r ɨ,
mak-f-12_0,mak-f-12,1,1,e w ɨ,
map-f-13_0,map-f-13,1,1,- w ɨ,
map-f-13_1,map-f-13,hform,2,h ɨ,
map-f-14_0,map-f-14,1,1,- - u,
map-f-14_1,map-f-14,hform,2,h ɨ,
pan-f-15_0,pan-f-15,1,1,- j u,
pem-f-17_0,pem-f-17,1,1,- j uu,
pem-f-17_1,pem-f-17,emp,2,r ə,
pno-f-20_0,pno-f-20,1,1,- - u,
pno-f-20_1,pno-f-20,emp,2,r ə,
pno-f-21_0,pno-f-21,1,1,- w ɨ,
pno-f-21_1,pno-f-21,hform,2,h -,
tam-f-30_0,tam-f-30,1,1,- - u,
tam-f-30_1,tam-f-30,emp,2,r e,
tri-f-31_0,tri-f-31,1,1,- w ɨɨ,
uxc-f-32_0,uxc-f-32,1,1,- - u,
uxc-f-32_1,uxc-f-32,emp,2,ɣ e,
wai-f-33_0,wai-f-33,1,1,o w ɨ,
way-f-34_0,way-f-34,1,1,ɨ w u,
wmr-f-35_0,wmr-f-35,1,1,a w ɨ,
yab-f-36_0,yab-f-36,1,1,- w ɨ,
yab-f-36_1,yab-f-36,emp,2,r ə,
yuk-f-37_0,yuk-f-37,1,1,a w ɨ,
yuk-f-37_1,yuk-f-37,emp,2,r -,
aka-f-38_0,aka-f-38,2,1,- a m ə,
aka-f-38_1,aka-f-38,emp,2,r ə,
aku-f-39_0,aku-f-39,2,1,- ə m ə,
apa-f-40_0,apa-f-40,2,1,- o m o,
apa-f-40_1,apa-f-40,emp,2,r o,
ara-f-41_0,ara-f-41,2,1,- o m o,
ara-f-41_1,ara-f-41,emp,2,r o,
bak-f-42_0,bak-f-42,2,1,- ə m ə,
car-f-43_0,car-f-43,2,1,- ə m ə,
car-f-43_1,car-f-43,emp,2,r ə,
hix-f-44_0,hix-f-44,2,1,- o m o,
hix-f-44_1,hix-f-44,emp,2,r o,
ikp-f-45_0,ikp-f-45,2,1,- o m -,
ikp-f-45_1,ikp-f-45,emp,2,r o,
ing-f-46_0,ing-f-46,2,1,- a m ə,
ing-f-46_1,ing-f-46,emp,2,r ə,
kar-f-47_0,kar-f-47,2,1,- a m o,
kar-f-47_1,kar-f-47,emp,2,r o,
kax-f-48_0,kax-f-48,2,1,- o m o,
kax-f-48_1,kax-f-48,emp,2,r o,
mac-f-49_0,mac-f-49,2,1,- a m ɨ,
mac-f-49_1,mac-f-49,emp,2,r ɨ,
mak-f-50_0,mak-f-50,2,1,- a m ə,
mak-f-50_1,mak-f-50,emp,2,r ə,
map-f-51_0,map-f-51,2,1,m ə - -,
map-f-51_1,map-f-51,emp,2,r ə,
pan-f-52_0,pan-f-52,2,1,- a m ə,
pan-f-52_1,pan-f-52,emp,2,n -,
pem-f-54_0,pem-f-54,2,1,- a m ə,
pem-f-54_1,pem-f-54,emp,2,r ə,
pno-f-56_0,pno-f-56,2,1,m ə - -,
pno-f-56_1,pno-f-56,emp,2,r ə,
tam-f-65_0,tam-f-65,2,1,- a m a,
tam-f-65_1,tam-f-65,emp,2,r e,
tri-f-66_0,tri-f-66,2,1,- ə m ə,
uxc-f-67_0,uxc-f-67,2,1,- ee - -,
uxc-f-67_1,uxc-f-67,emp,2,ɣ e,
wai-f-68_0,wai-f-68,2,1,- a m o,
wai-f-68_1,wai-f-68,emp,2,r o,
way-f-69_0,way-f-69,2,1,- ə m ə,
way-f-69_1,way-f-69,emp,2,r ə,
way-f-70_0,way-f-70,2,1,- ə m ə,
wmr-f-71_0,wmr-f-71,2,1,- a m ɨ,
wmr-f-71_1,wmr-f-71,emp,2,r ɨ,
yab-f-72_0,yab-f-72,2,1,m ə - -,
yab-f-72_1,yab-f-72,emp,2,r ə,
yuk-f-73_0,yuk-f-73,2,1,- a m o,
yuk-f-74_0,yuk-f-74,2,1,- a m o,
yuk-f-74_1,yuk-f-74,emp,2,r -,
aka-f-75_0,aka-f-75,1,1,- - u,
aka-f-75_1,aka-f-75,emp,2,r ə,
aka-f-75_2,aka-f-75,pempl,3,ʔ n o,
aka-f-75_3,aka-f-75,pl1,4,k o n -,
aku-f-76_0,aku-f-76,1a2,1,k ɨ,
aku-f-76_1,aku-f-76,mform,2,m ə,
apa-f-77_0,apa-f-77,1a2,1,k ɨ,
apa-f-77_1,apa-f-77,mform,2,m o,
apa-f-77_2,apa-f-77,emp,3,r o,
ara-f-78_0,ara-f-78,uku,1,- u g o,
ara-f-78_1,ara-f-78,emp,2,r o,
bak-f-79_0,bak-f-79,uku,1,- - k u,
bak-f-79_1,bak-f-79,emp,2,r ə,
car-f-80_0,car-f-80,1a2,1,k ɨ,
car-f-80_1,car-f-80,mform,2,m ə,
car-f-80_2,car-f-80,emp,3,r ə,
hix-f-81_0,hix-f-81,1a2,1,k ɨ,
hix-f-81_1,hix-f-81,wform,2,w -,
hix-f-81_2,hix-f-81,emp,3,r o,
ikp-f-82_0,ikp-f-82,uku,1,- u g -,
ikp-f-82_1,ikp-f-82,emp,2,r o,
kar-f-83_0,kar-f-83,1a2,1,k ɨ,
kar-f-83_1,kar-f-83,karform,2,ʔ k o,
kar-f-84_0,kar-f-84,1a2,1,k ɨ,
kar-f-84_1,kar-f-84,mform,2,m o,
kar-f-84_2,kar-f-84,emp,3,r o,
kax-f-85_0,kax-f-85,1a2,1,k u,
kax-f-85_1,kax-f-85,mform,2,m o,
kax-f-85_2,kax-f-85,emp,3,r o,
mac-f-86_0,mac-f-86,1,1,- - uu,
mac-f-86_1,mac-f-86,emp,2,r ɨ,
mac-f-86_2,mac-f-86,pl3,3,- - ʔ -,
mac-f-86_3,mac-f-86,pl1,4,k o n -,
mak-f-87_0,mak-f-87,1a2,1,k ɨ,
mak-f-87_1,mak-f-87,wform,2,w ɨ,
map-f-88_0,map-f-88,1a2cop,1,e ʔ n ə,
pan-f-89_0,pan-f-89,1,1,- j u,
pan-f-89_1,pan-f-89,pl3,2,t o - -,
pem-f-91_0,pem-f-91,1,1,- j uu,
pem-f-91_1,pem-f-91,emp,2,r ə,
pem-f-91_2,pem-f-91,pl3,3,t o - -,
pno-f-93_0,pno-f-93,1a2cop,1,e ʔ n ə,
tam-f-102_0,tam-f-102,1a2,1,k i,
tam-f-102_1,tam-f-102,wform,2,w e,
tri-f-103_0,tri-f-103,1a2,1,k ɨ,
tri-f-103_1,tri-f-103,mform,2,m ə,
uxc-f-104_0,uxc-f-104,uku,1,k u k u,
uxc-f-104_1,uxc-f-104,emp,2,ɣ e,
wai-f-105_0,wai-f-105,1a2,1,k ɨɨ,
wai-f-105_1,wai-f-105,wform,2,w ɨ,
way-f-106_0,way-f-106,1a2,1,k u,
way-f-106_2,way-f-106,mform,3,m ə,
wmr-f-107_0,wmr-f-107,uku,1,k ɨ k ɨ,
yab-f-108_0,yab-f-108,1a2cop,1,e h n ə,
yuk-f-109_0,yuk-f-109,1a2ep,1,e p ɨ,
aka-f-110_0,aka-f-110,1,1,- - u,
aka-f-110_1,aka-f-110,emp,2,r ə,
aka-f-110_2,aka-f-110,pempl,3,ʔ n o,
aka-f-110_3,aka-f-110,pl1,4,k o n -,
aku-f-111_0,aku-f-111,1a2,1,k ɨ,
aku-f-111_1,aku-f-111,mform,2,m ə,
aku-f-111_2,aku-f-111,mform,3,n -,
aku-f-111_3,aku-f-111,pl2,4,j a - m o,
apa-f-112_0,apa-f-112,1a2,1,k ɨ,
apa-f-112_1,apa-f-112,mform,2,m a,
apa-f-112_2,apa-f-112,emp,3,r o,
apa-f-112_3,apa-f-112,pl1,4,k o m o,
ara-f-113_0,ara-f-113,uku,1,- u g o,
ara-f-113_1,ara-f-113,emp,2,r o,
ara-f-113_2,ara-f-113,pl1,3,ŋ - m o,
bak-f-114_0,bak-f-114,uku,1,- - k u,
bak-f-114_1,bak-f-114,emp,2,r ə,
car-f-115_0,car-f-115,1a2,1,k ɨ,
car-f-115_1,car-f-115,mform,2,ɲ -,
car-f-115_2,car-f-115,pl2,3,- a - m o,
car-f-115_3,car-f-115,emp,4,r o,
hix-f-116_0,hix-f-116,1a2,1,k ɨ,
hix-f-116_1,hix-f-116,wform,2,w -,
hix-f-116_2,hix-f-116,pl2,3,j a - m o,
ikp-f-117_0,ikp-f-117,uku,1,- u g -,
ikp-f-117_1,ikp-f-117,emp,2,r o,
ikp-f-117_2,ikp-f-117,pl1,3,ŋ - m o,
ing-f-118_0,ing-f-118,1,1,- - u,
ing-f-118_1,ing-f-118,emp,2,r ə,
ing-f-118_2,ing-f-118,pempl,3,ʔ n o,
ing-f-118_3,ing-f-118,pl1,4,k o n -,
kar-f-119_0,kar-f-119,1a2,1,k ɨ,
kar-f-119_1,kar-f-119,karform,2,ʔ k -,
kar-f-119_2,kar-f-119,pl2,3,- a - - -,
kar-f-119_3,kar-f-119,emp,4,r o,
kar-f-120_0,kar-f-120,1a2,1,k ɨ,
kar-f-120_1,kar-f-120,mform,2,m o,
kar-f-120_2,kar-f-120,pl2,3,j a - - -,
kar-f-120_3,kar-f-120,emp,4,r o,
kax-f-121_0,kax-f-121,1a2,1,k ɨ,
kax-f-121_1,kax-f-121,mform,2,m -,
kax-f-121_2,kax-f-121,pl2,3,j a - - -,
kax-f-121_3,kax-f-121,emp,4,r ɨ,
mac-f-122_0,mac-f-122,1,1,- - uu,
mac-f-122_1,mac-f-122,emp,2,r ɨ,
mac-f-122_2,mac-f-122,pempl,3,ʔ n ɨ,
mac-f-122_3,mac-f-122,pl1,4,k o n -,
mak-f-123_0,mak-f-123,1a2,1,k ɨ,
mak-f-123_1,mak-f-123,mform,2,n -,
mak-f-123_2,mak-f-123,pl2,3,w a - n -,
mak-f-123_3,mak-f-123,emp,4,n o,
pan-f-124_0,pan-f-124,1,1,- j u,
pan-f-124_2,pan-f-124,pl1,3,k o n -,
pem-f-126_0,pem-f-126,1,1,- j uu,
pem-f-126_1,pem-f-126,emp,2,r ə,
pem-f-126_2,pem-f-126,pempl,3,- n o,
pem-f-126_3,pem-f-126,pl1,4,k o n -,
pem-f-127_0,pem-f-127,1,1,- j uu,
pem-f-127_1,pem-f-127,emp,2,r ə,
pem-f-127_2,pem-f-127,pl3,3,t o - -,
pem-f-127_3,pem-f-127,pl1,4,k o n -,
tam-f-135_0,tam-f-135,1a2,1,k i,
tam-f-135_1,tam-f-135,pl1,2,k e m o,
tri-f-136_0,tri-f-136,1a2,1,k ɨ,
tri-f-136_1,tri-f-136,mform,2,m ə,
tri-f-136_2,tri-f-136,mform,3,n -,
tri-f-136_3,tri-f-136,pl2,4,j a - m o,
uxc-f-137_0,uxc-f-137,uku,1,k u k u,
uxc-f-137_1,uxc-f-137,emp,2,ɣ e,
uxc-f-137_2,uxc-f-137,pl1,3,k o - -,
wai-f-138_0,wai-f-138,1a2,1,k ɨ,
wai-f-138_1,wai-f-138,wform,2,w -,
wai-f-138_2,wai-f-138,pl2,3,j a - m -,
way-f-139_0,way-f-139,1a2,1,k u,
way-f-139_2,way-f-139,mform,3,m ə,
way-f-139_3,way-f-139,emp,4,r -,
way-f-139_4,way-f-139,pl2,5,- a - m -,
way-f-139_5,way-f-139,pl1,6,k o m o,
aka-f-140_0,aka-f-140,1a3,1,i - n - a,
aku-f-141_0,aku-f-141,1a3,1,a - n j a,
apa-f-142_0,apa-f-142,1a3,1,ɨ - n - a,
ara-f-143_0,ara-f-143,ti,1,t͡ʃ i,
ara-f-143_1,ara-f-143,1a3,2,- m n - a,
bak-f-144_0,bak-f-144,ti,1,ʃ i,
bak-f-144_1,bak-f-144,1a3,2,- - n - a,
car-f-145_0,car-f-145,1a3,1,a - ɲ - a,
hix-f-146_0,hix-f-146,1a3,1,a m n - a,
ikp-f-147_0,ikp-f-147,ti,1,t͡ʃ i,
ikp-f-147_1,ikp-f-147,1a3,2,- m n - a,
ing-f-148_0,ing-f-148,1a3,1,i - n - a,
jap-f-149_0,jap-f-149,n13,1,n,
jap-f-149_1,jap-f-149,1a3,2,a - n - a,
kar-f-150_0,kar-f-150,n13,1,n,
kar-f-150_1,kar-f-150,1a3,2,a ʔ n - a,
kax-f-151_0,kax-f-151,1a3,1,a m n - a,
mac-f-152_0,mac-f-152,1a3,1,a - n n a,
mak-f-153_0,mak-f-153,1a3,1,- n ɲ - a,
map-1a3_0,map-1a3,1a3,1,- - n - a,
pan-f-155_0,pan-f-155,1a3,1,a - n - a,
pem-f-157_0,pem-f-157,1a3,1,i - n n a,
pno-f-159_0,pno-f-159,1a3,1,a - n - a,
tam-f-169_0,tam-f-169,1,1,- j u,
tam-f-169_1,tam-f-169,1a3,2,- m n - a,
tri-f-170_0,tri-f-170,1a3,1,a - n j a,
uxc-f-171_1,uxc-f-171,1,2,- - u,
uxc-f-171_2,uxc-f-171,emp,3,ɣ e,
wai-f-172_0,wai-f-172,1a3,1,a m n - a,
way-f-173_0,way-f-173,1a3,1,e m n - a,
wmr-f-174_0,wmr-f-174,1a3,1,a ʔ - - a,
yab-f-175_0,yab-f-175,1a3,1,a - n - a,
yuk-f-176_0,yuk-f-176,n13,1,n,
yuk-f-176_1,yuk-f-176,1a3,2,a - n - a,
yuk-f-176_2,yuk-f-176,emp,3,r -,
aka-f-177_0,aka-f-177,2,1,- a m ə,
aka-f-177_1,aka-f-177,emp,2,r ə,
aka-f-177_2,aka-f-177,pempl,3,ʔ n o,
aka-f-177_3,aka-f-177,pl1,4,k o n -,
aku-f-178_0,aku-f-178,2,1,- ə m ə,
aku-f-178_1,aku-f-178,2,2,- - n -,
aku-f-178_2,aku-f-178,pl2,3,j a - m o,
apa-f-179_0,apa-f-179,2,1,- a m a,
apa-f-179_1,apa-f-179,emp,2,r a,
apa-f-179_2,apa-f-179,pl1,3,k o m o,
ara-f-180_0,ara-f-180,2,1,- o m o,
ara-f-180_1,ara-f-180,emp,2,r o,
ara-f-180_2,ara-f-180,pl1,3,ŋ - m o,
bak-f-181_0,bak-f-181,2,1,- ə m a,
bak-f-181_1,bak-f-181,emp,2,r -,
bak-f-181_2,bak-f-181,pl2,3,- e - m o,
car-f-182_0,car-f-182,2,1,- a ɲ -,
car-f-182_1,car-f-182,pl2,2,- a - m o,
car-f-182_2,car-f-182,emp,3,r o,
hix-f-183_0,hix-f-183,2,1,- o m -,
hix-f-183_1,hix-f-183,pl2,2,ɲ a - m o,
ikp-f-184_0,ikp-f-184,2,1,- o m -,
ikp-f-184_1,ikp-f-184,emp,2,r o,
ikp-f-184_2,ikp-f-184,pl1,3,ŋ - m o,
ing-f-185_0,ing-f-185,2,1,- a m ə,
ing-f-185_1,ing-f-185,emp,2,r ə,
ing-f-185_2,ing-f-185,pempl,3,ʔ n o,
ing-f-185_3,ing-f-185,pl1,4,k o n -,
kar-f-186_0,kar-f-186,2,1,- a m ɨ,
kar-f-186_1,kar-f-186,pl2,2,j a - - -,
kar-f-186_2,kar-f-186,emp,3,r o,
kax-f-187_0,kax-f-187,2,1,- o m -,
kax-f-187_1,kax-f-187,pl2,2,j a - - -,
kax-f-187_2,kax-f-187,emp,3,r ɨ,
mac-f-188_0,mac-f-188,2,1,- a m ɨ,
mac-f-188_1,mac-f-188,emp,2,r ɨ,
mac-f-188_2,mac-f-188,pempl,3,ʔ n ɨ,
mac-f-188_3,mac-f-188,pl1,4,k o n -,
mak-f-189_0,mak-f-189,2,1,- ə n -,
mak-f-189_1,mak-f-189,pl2,2,w a - n -,
mak-f-189_2,mak-f-189,emp,3,n o,
map-f-190_0,map-f-190,2,1,- a - -,
map-f-190_1,map-f-190,pl1,2,k o n -,
map-f-190_2,map-f-190,pl3,3,t o m o,
pan-f-191_0,pan-f-191,2,1,- a m ə,
pan-f-191_1,pan-f-191,emp,2,n -,
pan-f-191_2,pan-f-191,pl3,3,t o n -,
pem-f-193_0,pem-f-193,2,1,- a m ə,
pem-f-193_1,pem-f-193,emp,2,r ə,
pem-f-193_2,pem-f-193,pempl,3,- n o,
pem-f-193_3,pem-f-193,pl1,4,k o n -,
pno-f-195_0,pno-f-195,2,1,m o - -,
pno-f-195_1,pno-f-195,pl1,2,k o n -,
pno-f-195_2,pno-f-195,pl3,3,t o m o,
tam-f-204_0,tam-f-204,2,1,- a m -,
tam-f-204_1,tam-f-204,pl2,2,ɲ a - m o,
tam-f-204_2,tam-f-204,emp,3,r o,
tri-f-205_0,tri-f-205,2,1,- ə m ə,
tri-f-205_1,tri-f-205,2,2,- - n -,
tri-f-205_2,tri-f-205,pl2,3,j a - m o,
uxc-f-206_0,uxc-f-206,2,1,- a m -,
uxc-f-206_1,uxc-f-206,pl2,2,- a - - -,
uxc-f-206_2,uxc-f-206,emp,3,ɣ o,
wai-f-207_0,wai-f-207,2,1,- a m -,
wai-f-207_1,wai-f-207,pl2,2,j a - m -,
wai-f-207_2,wai-f-207,emp,3,r o,
way-f-208_0,way-f-208,2,1,- ə m ə,
way-f-208_1,way-f-208,emp,2,r -,
way-f-208_2,way-f-208,pl2,3,- a - m -,
way-f-208_3,way-f-208,pl1,4,k o m o,
wmr-f-209_0,wmr-f-209,2,1,- a m ɨ,
wmr-f-209_1,wmr-f-209,emp,2,r ɨ,
wmr-f-209_2,wmr-f-209,pl3,3,t ɨ - -,
yab-f-210_0,yab-f-210,2,1,m o - -,
yab-f-210_1,yab-f-210,pl1,2,n - - -,
yab-f-210_2,yab-f-210,pl3,3,t o m o,
yuk-f-211_0,yuk-f-211,2,1,- a m o,
yuk-f-211_1,yuk-f-211,emp,2,r -,
yuk-f-211_2,yuk-f-211,pl2,3,- a - - -,
aku-f-212_0,aku-f-212,aanim,1,- n ə r ə,
apa-f-213_0,apa-f-213,aanim,1,ɨ n o r o,
bak-f-214_0,bak-f-214,aanim,1,i n ə r a,
car-f-215_0,car-f-215,aanim,1,- n ə r ə,
hix-f-216_0,hix-f-216,aanim,1,- n o r o,
kar-f-217_0,kar-f-217,aanim,1,i n o r o,
kar-f-218_0,kar-f-218,aanim,1,- ɲ o r o,
kax-f-219_0,kax-f-219,aanim,1,- n o r o,
mak-f-220_0,mak-f-220,aanim,1,- ɲ əə r ə,
tam-f-227_0,tam-f-227,aanim,1,- n a r e,
tri-f-228_0,tri-f-228,aanim,1,- n ə r ə,
uxc-f-229_0,uxc-f-229,aanim,1,ɨ ŋ e l e,
wai-f-230_0,wai-f-230,aanim,1,- n o r o,
way-f-231_0,way-f-231,aanim,1,i n ə r ə,
way-f-231_1,way-f-231,emp,2,r ə,
aku-f-232_0,aku-f-232,aanim,1,- n - - -,
aku-f-232_1,aku-f-232,pl2,2,- a - m o,
aku-f-232_2,aku-f-232,emp,3,r o,
apa-f-233_0,apa-f-233,aanim,1,ɨ n a r o,
car-f-234_0,car-f-234,aanim,1,- n - - -,
car-f-234_1,car-f-234,pl2,2,- a - m o,
car-f-234_2,car-f-234,emp,3,r o,
hix-f-235_0,hix-f-235,aanim,1,- ɲ - - -,
hix-f-235_1,hix-f-235,pl2,2,- a - m o,
hix-f-235_2,hix-f-235,emp,3,r o,
kar-f-236_0,kar-f-236,aanim,1,i n a r o,
kar-f-237_0,kar-f-237,aanim,1,- ɲ o r o,
kar-f-237_1,kar-f-237,pl1,2,k o n -,
kax-f-238_0,kax-f-238,aanim,1,- n - - -,
kax-f-238_1,kax-f-238,pl2,2,- a - m o,
kax-f-238_2,kax-f-238,emp,3,r -,
kax-f-238_3,kax-f-238,pl2,4,j a - m ɨ,
mak-f-239_0,mak-f-239,aanim,1,- n - - -,
mak-f-239_1,mak-f-239,pl2,2,ɲ a - n -,
mak-f-239_2,mak-f-239,emp,3,n o,
tri-f-245_0,tri-f-245,aanim,1,- n - - -,
tri-f-245_1,tri-f-245,pl2,2,- a - m o,
uxc-f-246_0,uxc-f-246,aanim,1,ɨ n - - -,
uxc-f-246_1,uxc-f-246,pl2,2,- a - - -,
uxc-f-246_2,uxc-f-246,emp,3,ɣ o,
wai-f-247_0,wai-f-247,aanim,1,- ɲ - - e,
wai-f-247_1,wai-f-247,pl2,2,ʃ a - m -,
wai-f-247_2,wai-f-247,emp,3,r o,
way-f-248_0,way-f-248,aanim,1,i n - - -,
way-f-248_1,way-f-248,pl2,2,- a - m o,
way-f-248_2,way-f-248,emp,3,r o,
aku-f-249_0,aku-f-249,ainan,1,i r ə,
apa-f-250_0,apa-f-250,ainan,1,ɨ r o,
bak-f-251_0,bak-f-251,ainan,1,i l ə,
car-f-252_0,car-f-252,ainan,1,i r ə,
hix-f-253_0,hix-f-253,ainan,1,ɨ r o,
kar-f-254_0,kar-f-254,ainan,1,i r o,
kax-f-255_0,kax-f-255,ainan,1,i r o,
mak-f-256_0,mak-f-256,ainan,1,i j ə,
tri-f-263_0,tri-f-263,ainan,1,i r ə,
uxc-f-264_0,uxc-f-264,ainan,1,i l e,
uxc-f-265_0,uxc-f-265,ainan,1,ɨ l e,
wai-f-266_0,wai-f-266,ainan,1,e r o,
way-f-267_0,way-f-267,ainan,1,i r ə,
wmr-f-268_0,wmr-f-268,ainan,1,i r ɨ,
kar-f-269_0,kar-f-269,ainan,1,i r o,
kar-f-269_1,kar-f-269,pl1,2,k o n -,
kax-f-270_0,kax-f-270,ainan,1,i r o,
kax-f-270_1,kax-f-270,pl4,2,n n e,
tri-f-271_0,tri-f-271,ainan,1,i r ə,
tri-f-271_1,tri-f-271,pl3,2,t o m o,
apa-f-272_0,apa-f-272,danim,1,m o - k ɨ -,
ara-f-273_0,ara-f-273,danim,1,m oo - k - -,
ara-f-274_0,ara-f-274,danim,1,m o - g ɨ -,
ara-f-274_1,ara-f-274,xinsg,2,n,
bak-f-275_0,bak-f-275,danim,1,m ə - k ə -,
car-f-276_0,car-f-276,danim,1,m ə - k ɨ -,
hix-danim_0,hix-danim,danim,1,m o - k ɨ -,
ikp-f-278_0,ikp-f-278,danim,1,- u - g u -,
ikp-f-278_1,ikp-f-278,xinsg,2,n,
ing-f-279_0,ing-f-279,danim,1,m ɨ - k ɨ -,
kar-f-280_0,kar-f-280,danim,1,m o ʔ k ɨ -,
kax-f-281_0,kax-f-281,danim,1,m o - k ɨ -,
mak-f-282_0,mak-f-282,danim,1,m ə k k ɨ -,
pan-f-283_0,pan-f-283,danim,1,m u - k u h,
tam-f-291_0,tam-f-291,danim,1,m a - k e -,
tri-f-292_0,tri-f-292,danim,1,m ə - k ɨ -,
uxc-f-293_0,uxc-f-293,danim,1,- e - k - -,
wai-f-294_0,wai-f-294,danim,1,m ɨ - k ɨ -,
way-f-295_0,way-f-295,danim,1,m ə - k ɨ -,
wmr-f-296_0,wmr-f-296,danim,1,m ɨ - k ɨ -,
yab-f-297_0,yab-f-297,danim,1,m ə - k ɨ -,
yuk-f-298_0,yuk-f-298,danim,1,- a - k e -,
apa-f-299_0,apa-f-299,danim,1,m o - k - -,
apa-f-299_1,apa-f-299,pl2,2,- a - m o,
bak-f-300_0,bak-f-300,danim,1,- a - k a -,
bak-f-300_1,bak-f-300,pl2,2,- e - m o,
car-f-301_0,car-f-301,danim,1,m ə - k - -,
car-f-301_1,car-f-301,pl2,2,- a - - -,
hix-danim-pl_0,hix-danim-pl,danim,1,m o - k - -,
hix-danim-pl_1,hix-danim-pl,pl2,2,j a - m o,
ikp-f-303_0,ikp-f-303,danim,1,- u - g - -,
ikp-f-303_1,ikp-f-303,pl2,2,j a - m -,
kar-f-304_0,kar-f-304,danim,1,m oo - k ɨ -,
kar-f-304_1,kar-f-304,pl1,2,k o n -,
kar-f-305_0,kar-f-305,danim,1,m o ʔ k - -,
kar-f-305_1,kar-f-305,pl2,2,- a - n -,
mak-f-306_0,mak-f-306,danim,1,m a k k - -,
mak-f-306_1,mak-f-306,pl2,2,- a - m o,
pan-f-307_0,pan-f-307,danim,1,m u - k u -,
pan-f-307_1,pan-f-307,pl1,2,k o n -,
tam-f-314_0,tam-f-314,danim,1,m u - k - -,
tam-f-314_1,tam-f-314,pl2,2,- i a m o,
tri-f-315_0,tri-f-315,danim,1,m ə - k ɨ -,
tri-f-315_1,tri-f-315,pl2,2,j a - m o,
uxc-f-316_0,uxc-f-316,danim,1,- a - k - -,
uxc-f-316_1,uxc-f-316,pl2,2,- a - - -,
uxc-f-316_2,uxc-f-316,emp,3,ɣ o,
wai-f-317_0,wai-f-317,danim,1,m ɨ - k - -,
wai-f-317_1,wai-f-317,pl2,2,j a - m -,
way-f-318_0,way-f-318,danim,1,m ə - k - -,
way-f-318_1,way-f-318,pl2,2,j a - m o,
yab-f-319_0,yab-f-319,danim,1,m ə - k ɨ -,
yab-f-319_1,yab-f-319,pl2,2,s a - n -,
yab-f-319_2,yab-f-319,pl3,3,t o m o,
yuk-f-320_0,yuk-f-320,danim,1,- a - k - -,
yuk-f-320_1,yuk-f-320,pl2,2,ʃ a - - -,
apa-f-321_0,apa-f-321,dinan,1,m o n ɨ,
ara-f-322_0,ara-f-322,dinan,1,m o n -,
ara-f-323_0,ara-f-323,dinan,1,m u n -,
car-f-324_0,car-f-324,dinan,1,m ə n ɨ,
hix-f-325_0,hix-f-325,dinan,1,m o n ɨ,
ikp-f-326_0,ikp-f-326,dinan,1,m u n -,
kar-f-327_0,kar-f-327,dinan,1,m o n ɨ,
kax-f-328_0,kax-f-328,dinan,1,m o n ɨ,
mak-f-329_0,mak-f-329,dinan,1,m əə n ɨ,
pan-f-330_0,pan-f-330,dinan,1,m u h -,
tri-f-337_0,tri-f-337,dinan,1,m ə n ɨ,
wai-f-338_0,wai-f-338,dinan,1,m ɨ n ɨ,
way-f-339_0,way-f-339,dinan,1,m ɨ n ɨ,
yab-f-340_0,yab-f-340,dinan,1,m ə n i,
yab-f-341_0,yab-f-341,dinan,1,m ə n ɨ,
yab-f-341_1,yab-f-341,pl4,2,h n e,
apa-f-342_0,apa-f-342,dinan,1,m o n o,
apa-f-342_1,apa-f-342,pl4,2,ʔ n e,
ikp-f-343_0,ikp-f-343,dinan,1,m u - -,
ikp-f-343_1,ikp-f-343,pl2,2,j a - m -,
kar-f-344_0,kar-f-344,dinan,1,m o n ɨ,
kar-f-344_1,kar-f-344,pl1,2,k o n -,
tri-f-345_0,tri-f-345,dinan,1,m ə n -,
tri-f-345_1,tri-f-345,pl3,2,t o m o,
way-f-346_0,way-f-346,dinan,1,m ɨ n ɨ,
way-f-346_1,way-f-346,pl1,2,k o m o,
aka-f-347_0,aka-f-347,danim,1,- - - k ɨ -,
aka-f-347_1,aka-f-347,emp,2,r ə,
aku-f-348_0,aku-f-348,danim,1,m ə - k ɨ -,
aku-f-348_1,aku-f-348,emp,2,r ə,
apa-f-349_0,apa-f-349,danim,1,m o - k ɨ -,
apa-f-349_1,apa-f-349,emp,2,r o,
bak-f-350_1,bak-f-350,danim,2,w ə - k ə -,
car-f-351_0,car-f-351,danim,1,m ə - k - -,
car-f-351_1,car-f-351,emp,2,- ə,
hix-f-352_0,hix-f-352,danim,1,m o - k - -,
hix-f-352_1,hix-f-352,emp,2,r o,
ing-f-353_0,ing-f-353,danim,1,- - - k ɨ -,
ing-f-353_1,ing-f-353,emp,2,r ə,
ing-f-353_2,ing-f-353,emp,3,r ə,
kar-f-354_0,kar-f-354,danim,1,m o ʔ k - -,
kar-f-354_1,kar-f-354,emp,2,- o,
kax-f-355_0,kax-f-355,danim,1,m o - k o -,
kax-f-355_1,kax-f-355,emp,2,r o,
mac-f-356_0,mac-f-356,danim,1,m ɨɨ - k ɨ -,
mac-f-356_1,mac-f-356,emp,2,r ɨ,
mak-f-357_0,mak-f-357,danim,1,m ə ʔ - - -,
mak-f-357_1,mak-f-357,emp,2,r ə,
pan-f-358_0,pan-f-358,danim,1,- - - k ə -,
pan-f-358_1,pan-f-358,emp,2,n -,
pem-f-359_0,pem-f-359,danim,1,m ə ʔ - - -,
pem-f-359_1,pem-f-359,emp,2,r ə,
tam-f-365_0,tam-f-365,danim,1,- - - k - -,
tam-f-365_1,tam-f-365,emp,2,r e,
tam-f-365_2,tam-f-365,emp,3,r e,
tri-f-366_0,tri-f-366,danim,1,m əə - - - -,
tri-f-366_1,tri-f-366,emp,2,r ə,
wai-f-367_0,wai-f-367,danim,1,m ɨ - k - -,
wai-f-367_1,wai-f-367,emp,2,r o,
way-f-368_0,way-f-368,danim,1,m ə - k - -,
way-f-368_1,way-f-368,emp,2,r ə,
way-f-368_2,way-f-368,emp,3,r ə,
yab-f-369_0,yab-f-369,panim,1,m i - t͡ʃ i,
yab-f-369_1,yab-f-369,pl3,2,t o m o,
apa-f-370_0,apa-f-370,danim,1,m o - k - -,
apa-f-370_1,apa-f-370,pl2,2,- a - - -,
apa-f-370_2,apa-f-370,emp,3,r o,
car-f-371_0,car-f-371,danim,1,m ə - k - -,
car-f-371_1,car-f-371,pl2,2,- a - m o,
car-f-371_2,car-f-371,emp,3,r o,
hix-f-372_0,hix-f-372,danim,1,m o - k - -,
hix-f-372_1,hix-f-372,pl2,2,j a - m o,
ing-f-373_0,ing-f-373,danim,1,- - - k - -,
ing-f-373_1,ing-f-373,pl2,2,- a - m o,
ing-f-373_2,ing-f-373,emp,3,r o,
ing-f-374_0,ing-f-374,danim,1,m ɨ - k ɨ -,
ing-f-374_1,ing-f-374,pl2,2,j a - m ə,
kar-f-375_0,kar-f-375,danim,1,m o ʔ k - -,
kar-f-375_1,kar-f-375,pl2,2,- a - - -,
kar-f-375_2,kar-f-375,emp,3,r o,
kax-f-376_0,kax-f-376,danim,1,m o - k - -,
kax-f-376_1,kax-f-376,pl2,2,j a - - -,
kax-f-376_2,kax-f-376,emp,3,r ɨ,
mac-f-377_1,mac-f-377,danim,2,- n - k - -,
mac-f-377_2,mac-f-377,pl2,3,- a - m o,
mac-f-377_3,mac-f-377,emp,4,r o,
mak-f-378_0,mak-f-378,danim,1,- - - k - -,
mak-f-378_1,mak-f-378,pl2,2,- a - n -,
mak-f-378_2,mak-f-378,emp,3,n o,
pan-f-379_0,pan-f-379,danim,1,- - - k - -,
pan-f-379_1,pan-f-379,pl2,2,- a - m ə,
pan-f-379_2,pan-f-379,emp,3,n -,
pan-f-379_3,pan-f-379,pl3,4,t o n -,
tam-f-383_0,tam-f-383,danim,1,- - - k - -,
tam-f-383_1,tam-f-383,pl2,2,- i a m o,
tam-f-383_2,tam-f-383,emp,3,r o,
tri-f-384_0,tri-f-384,danim,1,m əə - - - -,
tri-f-384_1,tri-f-384,pl2,2,j a - m o,
way-f-385_0,way-f-385,danim,1,m ə - k - -,
way-f-385_1,way-f-385,pl2,2,j a - - -,
way-f-385_2,way-f-385,emp,3,r ə,
yab-f-386_0,yab-f-386,panim,1,m i - t͡ʃ i,
yab-f-386_1,yab-f-386,pl2,2,s a - n -,
yab-f-386_2,yab-f-386,pl3,3,t o m o,
aka-f-387_0,aka-f-387,minan,1,m ə r ə,
aku-f-388_0,aku-f-388,minan,1,m ə r ə,
apa-f-389_0,apa-f-389,minan,1,m o r o,
ara-f-390_0,ara-f-390,minan,1,m o r o,
bak-f-391_0,bak-f-391,minan,1,m ə r ə,
car-f-392_0,car-f-392,minan,1,m ə r ə,
hix-f-393_0,hix-f-393,minan,1,m o r o,
ing-f-394_0,ing-f-394,minan,1,m ə r ə,
kar-f-395_0,kar-f-395,minan,1,m o r o,
kax-f-396_0,kax-f-396,minan,1,m o r o,
mac-f-397_0,mac-f-397,minan,1,m ɨ r ɨ,
mac-f-397_1,mac-f-397,emp,2,r ɨ,
mak-f-398_0,mak-f-398,minan,1,m ə r ə,
map-f-399_0,map-f-399,minan,1,m ə r ɨ,
pan-f-400_0,pan-f-400,minan,1,m ə n -,
pem-f-402_0,pem-f-402,minan,1,m ə r ə,
tam-f-410_0,tam-f-410,minan,1,m o r e,
tri-f-411_0,tri-f-411,minan,1,m ə r ə,
uxc-f-412_0,uxc-f-412,minan,1,- e ɣ e,
wai-f-413_0,wai-f-413,minan,1,m o r o,
way-f-414_0,way-f-414,minan,1,m ə r ə,
wmr-f-415_0,wmr-f-415,minan,1,m ɨ r ɨ,
yab-f-416_0,yab-f-416,minan,1,m ə r ə,
apa-f-417_0,apa-f-417,minan,1,m o r o,
apa-f-417_1,apa-f-417,pl4,2,ʔ n e,
ing-f-418_0,ing-f-418,minan,1,m ə r ə,
ing-f-418_1,ing-f-418,pl2,2,j a - m ə,
kar-f-419_0,kar-f-419,minan,1,m o r o,
kar-f-419_1,kar-f-419,pl1,2,k o n -,
kax-f-420_0,kax-f-420,minan,1,m o r o,
kax-f-420_1,kax-f-420,pl4,2,n n e,
pan-f-421_0,pan-f-421,dinan,1,m ə n -,
pan-f-421_1,pan-f-421,pl1,2,k o n -,
tri-f-422_0,tri-f-422,minan,1,m ə r ə,
tri-f-422_1,tri-f-422,pl3,2,t o m o,
way-f-423_0,way-f-423,minan,1,m ə r ə,
way-f-423_1,way-f-423,pl1,2,k o m o,
hix-pl-2_0,hix-pl-2,pl2,1,j a - m o,
aku-f-425_0,aku-f-425,panim,1,m ə - ʔ e,
apa-f-426_0,apa-f-426,panim,1,m o - s e,
ara-f-427_0,ara-f-427,panim,1,m o - d e,
ara-f-427_1,ara-f-427,xinsg,2,n,
bak-f-428_0,bak-f-428,panim,1,m e - - -,
bak-f-428_1,bak-f-428,emp,2,r ə,
car-f-429_0,car-f-429,panim,1,m ə - h ə,
hix-f-430_0,hix-f-430,panim,1,m o - s o,
ikp-f-431_0,ikp-f-431,panim,1,- o - r e,
ikp-f-431_1,ikp-f-431,xinsg,2,n,
kar-f-432_0,kar-f-432,panim,1,m o ʔ s e,
kax-f-433_0,kax-f-433,panim,1,m o - s o,
kax-f-433_1,kax-f-433,emp,2,r o,
mac-f-434_0,mac-f-434,panim,1,m ɨ - s e,
mac-f-434_1,mac-f-434,emp,2,r ɨ,
map-f-435_0,map-f-435,panim,1,m e - h e,
pan-f-436_0,pan-f-436,panim,1,m ə - h -,
pem-f-438_0,pem-f-438,panim,1,m ə - s ə,
pem-f-438_1,pem-f-438,emp,2,r ə,
tam-f-446_0,tam-f-446,panim,1,m o - t͡ʃ e,
tri-f-447_0,tri-f-447,panim,1,m ə e - -,
uxc-f-448_0,uxc-f-448,panim,1,- e - s e,
wai-f-449_0,wai-f-449,panim,1,m o - s o,
way-f-450_0,way-f-450,panim,1,m ə - s i,
way-f-451_0,way-f-451,panim,1,m ə - h e,
yab-f-452_0,yab-f-452,danim,1,- - - k ə -,
yab-f-452_1,yab-f-452,emp,2,r ə,
yuk-f-453_0,yuk-f-453,panim,1,m a - ʃ -,
aku-f-454_0,aku-f-454,panim,1,m ə e - -,
aku-f-454_1,aku-f-454,pl2,2,t͡ʃ a - m o,
apa-f-455_0,apa-f-455,panim,1,m o - ʃ -,
apa-f-455_1,apa-f-455,pl2,2,- i a m o,
bak-f-456_0,bak-f-456,panim,1,- a - s a,
bak-f-456_1,bak-f-456,pl2,2,- e - m o,
car-f-457_0,car-f-457,panim,1,m ə - - -,
car-f-457_1,car-f-457,pl2,2,s a - - -,
hix-f-458_0,hix-f-458,panim,1,m o - ʃ -,
hix-f-458_1,hix-f-458,pl2,2,- a - m o,
ikp-f-459_0,ikp-f-459,panim,1,- - - w -,
ikp-f-459_1,ikp-f-459,pl2,2,- a - m -,
kar-f-460_0,kar-f-460,panim,1,m o ʔ s e,
kar-f-460_1,kar-f-460,pl1,2,k o n -,
kar-f-461_0,kar-f-461,panim,1,m oo - - -,
kar-f-461_1,kar-f-461,pl2,2,j a - n -,
kar-f-462_0,kar-f-462,panim,1,m o - ʔ -,
kar-f-462_1,kar-f-462,pl2,2,s a - - -,
kar-f-462_2,kar-f-462,emp,3,r o,
kax-f-463_0,kax-f-463,panim,1,m o - ʔ -,
kax-f-463_1,kax-f-463,pl2,2,t͡ʃ a - - -,
kax-f-463_2,kax-f-463,emp,3,r ɨ,
mac-f-464_1,mac-f-464,panim,2,n - - s -,
mac-f-464_2,mac-f-464,pl2,3,- e - m o,
mac-f-464_3,mac-f-464,emp,4,r o,
pan-f-465_0,pan-f-465,panim,1,m ə - h -,
pan-f-465_1,pan-f-465,pl2,2,t͡ʃ a - n -,
pan-f-465_2,pan-f-465,pl3,3,t o n -,
pem-f-467_1,pem-f-467,panim,2,ʔ - - s -,
pem-f-467_2,pem-f-467,pl2,3,- a - m ə,
pem-f-467_3,pem-f-467,emp,4,r ə,
tam-f-473_0,tam-f-473,panim,1,- - - t͡ʃ -,
tam-f-473_1,tam-f-473,pl2,2,- a - m o,
tam-f-473_2,tam-f-473,emp,3,r o,
tri-f-474_0,tri-f-474,panim,1,m ə e - -,
tri-f-474_1,tri-f-474,pl2,2,s a - m o,
uxc-f-475_0,uxc-f-475,pl2,1,- a - - -,
uxc-f-475_1,uxc-f-475,emp,2,ɣ o,
wai-f-476_0,wai-f-476,panim,1,m o - ʃ -,
wai-f-476_1,wai-f-476,pl2,2,- a - m -,
way-f-477_0,way-f-477,panim,1,m ə - h -,
way-f-477_1,way-f-477,pl2,2,- a - m o,
way-f-478_0,way-f-478,panim,1,m ə - h -,
way-f-478_1,way-f-478,pl2,2,- a - - -,
way-f-478_2,way-f-478,emp,3,r ə,
yab-f-479_0,yab-f-479,danim,1,- - - k ə -,
yab-f-479_1,yab-f-479,emp,2,r ə,
yab-f-479_2,yab-f-479,pl2,3,s a - n -,
yab-f-479_3,yab-f-479,pl3,4,t o m o,
yuk-f-480_0,yuk-f-480,panim,1,m a - ʃ -,
yuk-f-480_1,yuk-f-480,pl2,2,- a - - -,
way-f-481_1,way-f-481,pinan2,2,s i n - -,
aka-f-482_0,aka-f-482,pinan1,1,- s e r ə,
aku-f-483_0,aku-f-483,pinan1,1,- t͡ʃ e r ə,
apa-f-484_0,apa-f-484,pinan1,1,- s e r o,
ara-f-485_0,ara-f-485,pinan1,1,- - e r o,
bak-f-486_0,bak-f-486,pinan1,1,- ʃ i r ə,
car-f-487_0,car-f-487,pinan1,1,- - ə r ə,
ing-f-488_0,ing-f-488,pinan1,1,- s ə r ə,
kar-f-489_0,kar-f-489,pinan1,1,- - e r o,
kax-f-490_0,kax-f-490,pinan1,1,- s o r o,
mac-f-491_0,mac-f-491,pinan1,1,- s ɨ r ɨ,
mac-f-491_1,mac-f-491,emp,2,r ɨ,
mak-f-492_0,mak-f-492,pinan1,1,- - e r ə,
pan-f-493_0,pan-f-493,pinan1,1,- s ɨ h -,
pem-f-495_0,pem-f-495,pinan1,1,- s ə r ə,
tri-f-501_0,tri-f-501,pinan1,1,- s e r ə,
uxc-f-502_0,uxc-f-502,pinan1,1,i ɣ e - -,
way-f-503_0,way-f-503,pinan1,1,- h e r ə,
aku-f-504_0,aku-f-504,pinan2,1,t͡ʃ e n ɨ -,
apa-f-505_0,apa-f-505,pinan2,1,s e n ɨ -,
ara-f-506_0,ara-f-506,pinan2,1,- e n - -,
car-f-507_0,car-f-507,pinan2,1,- e n ɨ -,
hix-f-508_0,hix-f-508,pinan2,1,- o n ɨ -,
ikp-f-509_1,ikp-f-509,pinan2,2,- e n - -,
kar-f-510_0,kar-f-510,pinan2,1,- e n ɨ -,
mac-f-511_0,mac-f-511,pinan2,1,s e n i -,
pem-f-513_0,pem-f-513,pinan2,1,s e n ə k,
tam-f-519_0,tam-f-519,pinan2,1,t͡ʃ e n e -,
tri-f-520_0,tri-f-520,pinan2,1,s e n ɨ -,
wai-f-521_0,wai-f-521,pinan2,1,- o n - -,
way-f-522_0,way-f-522,pinan2,1,s i n ɨ -,
yab-f-523_0,yab-f-523,pinan2,1,s e n i -,
apa-f-524_0,apa-f-524,pinan1,1,- s e r o,
apa-f-524_1,apa-f-524,pl4,2,ʔ n e,
apa-f-525_0,apa-f-525,pinan2,1,s e n o -,
apa-f-525_1,apa-f-525,pl4,2,ʔ n e,
ara-f-526_0,ara-f-526,pinan1,1,- - e r o,
ara-f-526_1,ara-f-526,pl1,2,ŋ - m o,
ikp-f-527_1,ikp-f-527,pinan2,2,- e - - -,
ikp-f-527_2,ikp-f-527,pl2,3,j a - m -,
ing-f-528_0,ing-f-528,pinan1,1,- s ə - -,
ing-f-528_1,ing-f-528,emp,2,r ə,
ing-f-528_2,ing-f-528,pl2,3,j a - m ə,
kar-f-529_0,kar-f-529,pinan1,1,- - e r o,
kar-f-529_1,kar-f-529,pl1,2,k o n -,
kar-f-530_0,kar-f-530,pinan2,1,- e n ɨ -,
kar-f-530_1,kar-f-530,pl1,2,k o n -,
kax-f-531_0,kax-f-531,pinan1,1,- s o r o,
kax-f-531_1,kax-f-531,pl4,2,n n e,
pan-f-532_0,pan-f-532,pinan1,1,- s ɨ h -,
pan-f-532_1,pan-f-532,pl1,2,k o n -,
way-f-533_0,way-f-533,pinan1,1,- h e r ə,
way-f-533_1,way-f-533,pl1,2,k o m o,
way-f-534_0,way-f-534,pinan2,1,s i n - -,
way-f-534_1,way-f-534,pl1,2,k o m o,
yab-f-535_0,yab-f-535,pinan2,1,- e n i -,
yab-f-535_1,yab-f-535,pl4,2,h n e,
ing-f-536_0,ing-f-536,toto,1,t o ʔ -,
mac-f-537_0,mac-f-537,1,1,- - uu,
mac-f-537_1,mac-f-537,emp,2,r ɨ,
mac-f-537_2,mac-f-537,pl3,3,- - ʔ -,
mac-f-537_3,mac-f-537,pl1,4,k o n -,
mac-f-538_0,mac-f-538,toto,1,t o ʔ -,
pem-f-543_0,pem-f-543,1,1,- j uu,
pem-f-543_1,pem-f-543,emp,2,r ə,
pem-f-543_2,pem-f-543,pl3,3,t o - -,
pem-f-543_3,pem-f-543,pl1,4,k o n -,
pem-f-544_0,pem-f-544,toto,1,t o ʔ -,
tri-f-559_1,tri-f-559,pl2,2,j a - m o,
tri-f-562_0,tri-f-562,pinan1,1,- s e r ə,
tri-f-562_1,tri-f-562,pl3,2,t o m o,
tri-f-563_0,tri-f-563,pinan2,1,s e n - -,
tri-f-563_1,tri-f-563,pl3,2,t o m o,
uxc-f-564_1,uxc-f-564,danim,2,- e - k - -,
wai-f-565_0,wai-f-565,danim,1,m o - - - -,
wai-f-565_1,wai-f-565,pl2,2,ʃ a - m -,
wai-f-566_0,wai-f-566,pinan2,1,- o n - -,
way-f-568_0,way-f-568,toto,1,t o t o,
yab-f-576_0,yab-f-576,panim,1,m i - t͡ʃ i,
yab-f-578_0,yab-f-578,pinan2,1,- e n i -,
map-f-579_0,map-f-579,aanim,1,- n - - -,
map-f-579_1,map-f-579,pl2,2,- aa - m o,
map-f-579_2,map-f-579,pl3,3,t o m o,
map-f-580_0,map-f-580,3t,1,t əə j -,
map-f-581_0,map-f-581,3t,1,t - j -,
map-f-581_1,map-f-581,pl2,2,- a - n -,
map-f-581_2,map-f-581,pl3,3,t o m o,
yab-f-582_0,yab-f-582,dinan,1,m u n i,
yab-f-583_0,yab-f-583,dinan,1,m u n i,
yab-f-583_1,yab-f-583,pl4,2,h n e,
yab-f-584_0,yab-f-584,3t,1,t ə w ɨ,
yab-f-585_0,yab-f-585,3t,1,t ə w ɨ,
yab-f-585_1,yab-f-585,pl2,2,s a - n -,
yab-f-585_2,yab-f-585,pl3,3,t o m o,
mak-f-586_0,mak-f-586,3t,1,t ɨ w ɨ,
mak-f-587_0,mak-f-587,3t,1,t ɨ - -,
mak-f-587_1,mak-f-587,mform,2,n -,
mak-f-587_2,mak-f-587,pl2,3,w a - n -,
mak-f-587_3,mak-f-587,emp,4,n o,
pno-f-588_0,pno-f-588,3t,1,t ə j -,
pno-f-589_0,pno-f-589,3t,1,t ɨ w ɨ,
pno-f-590_0,pno-f-590,3t,1,t ə j -,
pno-f-590_1,pno-f-590,pl2,2,- a - n -,
pno-f-590_2,pno-f-590,pl3,3,t o m o,
