ID,Form_ID,Cognateset_ID,Segment_Slice,Alignment,Source,Contribution_ID
0_0,0,1,1,- w ɨ,,pronouns
1_0,1,1,1,ɨ w ɨ,,pronouns
2_0,2,1,1,ə w ɨ,,pronouns
3_0,3,1,1,a w u,,pronouns
4_0,4,1,1,o w ɨ,,pronouns
5_0,5,1,1,e w ɨ,,pronouns
6_0,6,1,1,- j u,,pronouns
7_0,7,1,1,ə w ɨ,,pronouns
8_0,8,1,1,- w ɨɨ,,pronouns
9_0,9,1,1,- w ɨɨ,,pronouns
10_0,10,1,1,o w ɨ,,pronouns
11_0,11,1,1,ɨ w u,,pronouns
12_0,12,1,1,a w ɨ,,pronouns
13_0,13,1,1,- - u,,pronouns
13_1,13,emp,2,r ə,,pronouns
14_0,14,1,1,- - u,,pronouns
14_1,14,emp,2,r o,,pronouns
15_0,15,1,1,- - u,,pronouns
15_1,15,emp,2,r ə,,pronouns
16_0,16,1,1,- - u,,pronouns
16_1,16,emp,2,r o,,pronouns
17_0,17,1,1,- - u,,pronouns
17_1,17,emp,2,r o,,pronouns
18_0,18,1,1,- - u,,pronouns
18_1,18,emp,2,r ə,,pronouns
19_0,19,1,1,- - uu,,pronouns
19_1,19,emp,2,r ɨ,,pronouns
20_0,20,1,1,ə w ɨ,,pronouns
20_1,20,emp,2,r ə,,pronouns
21_0,21,1,1,- j uu,,pronouns
21_1,21,emp,2,r ə,,pronouns
22_0,22,1,1,- - u,,pronouns
22_1,22,emp,2,r ə,,pronouns
23_0,23,1,1,- w ɨ,,pronouns
23_1,23,emp,2,r ə,,pronouns
24_0,24,1,1,o w ɨ,,pronouns
24_1,24,emp,2,r o,,pronouns
25_0,25,1,1,- - u,,pronouns
25_1,25,emp,2,r ə,,pronouns
26_0,26,1,1,- j u,,pronouns
26_1,26,emp,2,r ə,,pronouns
27_0,27,1,1,- j u,,pronouns
27_1,27,emp,2,r ə,,pronouns
28_0,28,1,1,o w ɨ,,pronouns
28_1,28,emp,2,r o,,pronouns
29_0,29,1,1,- - u,,pronouns
29_1,29,emp,2,r e,,pronouns
30_0,30,1,1,- - u,,pronouns
30_1,30,emp,2,ɣ e,,pronouns
31_0,31,1,1,- w ɨ,,pronouns
31_1,31,emp,2,r ə,,pronouns
32_0,32,1,1,a w ɨ,,pronouns
32_1,32,emp,2,r -,,pronouns
33_0,33,1,1,- w ɨ,,pronouns
33_1,33,hform,2,h ɨ,,pronouns
34_0,34,1,1,- - u,,pronouns
34_1,34,hform,2,h ɨ,,pronouns
35_0,35,1,1,- w ɨ,,pronouns
35_1,35,hform,2,h -,,pronouns
36_0,36,1,1,- w ɨ,,pronouns
36_1,36,hform,2,h ɨ,,pronouns
37_0,37,2,1,- ə m ə,,pronouns
38_0,38,2,1,- ə m ə,,pronouns
39_0,39,2,1,- ə m ə,,pronouns
40_0,40,2,1,- ə m ə,,pronouns
41_0,41,2,1,- a m ə,,pronouns
41_1,41,emp,2,r ə,,pronouns
42_0,42,2,1,- o m o,,pronouns
42_1,42,emp,2,r o,,pronouns
43_0,43,2,1,- o m o,,pronouns
43_1,43,emp,2,r o,,pronouns
44_0,44,2,1,- ə m ə,,pronouns
44_1,44,emp,2,r ə,,pronouns
45_0,45,2,1,- o m o,,pronouns
45_1,45,emp,2,r o,,pronouns
46_0,46,2,1,- o m -,,pronouns
46_1,46,emp,2,r o,,pronouns
47_0,47,2,1,- a m ə,,pronouns
47_1,47,emp,2,r ə,,pronouns
48_0,48,2,1,- a m o,,pronouns
48_1,48,emp,2,r o,,pronouns
49_0,49,2,1,- o m o,,pronouns
49_1,49,emp,2,r o,,pronouns
50_0,50,2,1,- a m ɨ,,pronouns
50_1,50,emp,2,r ɨ,,pronouns
51_0,51,2,1,- a m ə,,pronouns
51_1,51,emp,2,r ə,,pronouns
52_0,52,2,1,m ə - -,,pronouns
52_1,52,emp,2,r ə,,pronouns
53_0,53,2,1,- a m ə,,pronouns
53_1,53,emp,2,n -,,pronouns
54_0,54,2,1,- ə m ə,,pronouns
54_1,54,emp,2,r ə,,pronouns
55_0,55,2,1,- a m ə,,pronouns
55_1,55,emp,2,r ə,,pronouns
56_0,56,2,1,m ə - -,,pronouns
56_1,56,emp,2,r ə,,pronouns
57_0,57,2,1,m ə - -,,pronouns
57_1,57,emp,2,r ə,,pronouns
58_0,58,2,1,- o m o,,pronouns
58_1,58,emp,2,r o,,pronouns
59_0,59,2,1,- ə m ə,,pronouns
59_1,59,emp,2,r ə,,pronouns
60_0,60,2,1,- a m ə,,pronouns
60_1,60,emp,2,r ə,,pronouns
61_0,61,2,1,- a m ə,,pronouns
61_1,61,emp,2,r ə,,pronouns
62_0,62,2,1,- ə m ə,,pronouns
62_1,62,emp,2,r ə,,pronouns
63_0,63,2,1,- o m o,,pronouns
63_1,63,emp,2,r o,,pronouns
64_0,64,2,1,- o m -,,pronouns
64_1,64,emp,2,r o,,pronouns
65_0,65,2,1,- a m a,,pronouns
65_1,65,emp,2,r e,,pronouns
66_0,66,2,1,- ee - -,,pronouns
66_1,66,emp,2,ɣ e,,pronouns
67_0,67,2,1,- a m o,,pronouns
67_1,67,emp,2,r o,,pronouns
68_0,68,2,1,- ə m ə,,pronouns
68_1,68,emp,2,r ə,,pronouns
69_0,69,2,1,- a m ɨ,,pronouns
69_1,69,emp,2,r ɨ,,pronouns
70_0,70,2,1,m ə - -,,pronouns
70_1,70,emp,2,r ə,,pronouns
71_0,71,2,1,- a m o,,pronouns
71_1,71,emp,2,r -,,pronouns
72_0,72,1,1,- j u,,pronouns
72_1,72,emp,2,r ə,,pronouns
72_2,72,pl3,3,t o - -,,pronouns
73_0,73,1,1,- j u,,pronouns
73_1,73,emp,2,r ə,,pronouns
73_2,73,pl3,3,t o - -,,pronouns
73_3,73,pl1,4,- k o n -,,pronouns
74_0,74,1,1,- j u,,pronouns
74_1,74,pl3,2,t o - -,,pronouns
75_0,75,1a2,1,k ɨ,,pronouns
76_0,76,1a2,1,k ɨ,,pronouns
76_2,76,emp,3,r o,,pronouns
77_0,77,1a2,1,k ɨ,,pronouns
77_1,77,mform,2,- m ə,,pronouns
78_0,78,1a2,1,k ɨ,,pronouns
78_1,78,mform,2,- m ə,,pronouns
79_0,79,1a2,1,k ɨ,,pronouns
79_1,79,mform,2,- m ə,,pronouns
80_0,80,1a2,1,k ɨ,,pronouns
80_1,80,mform,2,- m o,,pronouns
80_2,80,emp,3,r o,,pronouns
81_0,81,1a2,1,k ɨ,,pronouns
81_1,81,mform,2,- m ə,,pronouns
81_2,81,emp,3,r ə,,pronouns
82_0,82,1a2,1,k u,,pronouns
82_1,82,mform,2,- m o,,pronouns
82_2,82,emp,3,r o,,pronouns
83_0,83,1a2,1,k ɨ,,pronouns
83_1,83,mform,2,- m ə,,pronouns
83_2,83,emp,3,r ə,,pronouns
84_0,84,1a2,1,k ɨ,,pronouns
84_1,84,wform,2,w ɨ,,pronouns
85_0,85,1a2,1,k ɨɨ,,pronouns
85_1,85,wform,2,w ɨ,,pronouns
86_0,86,1a2,1,k ɨ,,pronouns
86_1,86,wform,2,w -,,pronouns
86_2,86,emp,3,r o,,pronouns
87_0,87,1a2,1,k ɨ,,pronouns
87_1,87,wform,2,w ɨ,,pronouns
87_2,87,emp,3,r o,,pronouns
88_0,88,1a2ep,1,e ʔ - n ə,,pronouns
89_0,89,1a2ep,1,e ʔ - n ə,,pronouns
90_0,90,1a2ep,1,e p ɨ n ə,,pronouns
91_0,91,1a2ep,1,e h - n ə,,pronouns
92_0,92,1a2ep,1,e p - - ɨ,,pronouns
93_0,93,uku,1,k ɨ k ɨ,,pronouns
94_0,94,uku,1,- u g o,,pronouns
94_1,94,emp,2,r o,,pronouns
95_0,95,uku,1,- u g -,,pronouns
95_1,95,emp,2,r o,,pronouns
96_0,96,uku,1,- u k u,,pronouns
96_1,96,emp,2,r ə,,pronouns
97_0,97,uku,1,k u k u,,pronouns
97_1,97,emp,2,ɣ e,,pronouns
98_0,98,1a2,1,k u,,pronouns
98_1,98,mform,2,n m ə,,pronouns
99_0,99,1,1,- - uu,,pronouns
99_1,99,emp,2,r ɨ,,pronouns
99_2,99,pl3,3,ʔ - - -,,pronouns
99_3,99,pl1,4,- k o n -,,pronouns
100_0,100,1,1,- j uu,,pronouns
100_1,100,emp,2,r ə,,pronouns
100_2,100,pl3,3,t o - -,,pronouns
101_0,101,uku,1,k u - -,,pronouns
101_1,101,emp,2,r ə,,pronouns
102_0,102,1,1,- j u,,pronouns
102_2,102,pl1,3,- k o n -,,pronouns
103_0,103,1,1,- - u,,pronouns
103_1,103,emp,2,r ə,,pronouns
103_3,103,pl1,4,- k o n -,,pronouns
104_0,104,1,1,- - u,,pronouns
104_1,104,emp,2,r ə,,pronouns
104_3,104,pl1,4,- k o n -,,pronouns
105_0,105,1,1,- - uu,,pronouns
105_1,105,emp,2,r ɨ,,pronouns
105_3,105,pl1,4,- k o n -,,pronouns
106_0,106,1,1,- j uu,,pronouns
106_1,106,emp,2,r ə,,pronouns
106_3,106,pl1,4,- k o n -,,pronouns
107_0,107,1,1,- j uu,,pronouns
107_1,107,emp,2,r ə,,pronouns
107_2,107,pl3,3,t o - -,,pronouns
107_3,107,pl1,4,- k o n -,,pronouns
108_0,108,1,1,- j u,,pronouns
108_1,108,emp,2,r ə,,pronouns
108_3,108,pl1,4,- k o n -,,pronouns
109_0,109,1a2,1,k ɨ,,pronouns
109_3,109,pl2,4,- j a m o,,pronouns
110_0,110,1a2,1,k ɨ,,pronouns
110_2,110,emp,3,r o,,pronouns
111_0,111,1a2,1,k ɨ,,pronouns
111_2,111,pl2,3,- - a m o,,pronouns
111_3,111,emp,4,r o,,pronouns
112_0,112,1a2,1,k ɨ,,pronouns
112_2,112,pl2,3,- j a m o,,pronouns
112_3,112,emp,4,r o,,pronouns
113_0,113,1a2,1,k ɨ,,pronouns
113_1,113,mform,2,- m ə,,pronouns
113_3,113,pl2,4,- j a m o,,pronouns
114_0,114,1a2,1,k ɨ,,pronouns
114_1,114,mform,2,- m a,,pronouns
114_2,114,emp,3,r o,,pronouns
114_3,114,pl1,4,- k o m o,,pronouns
115_0,115,1a2,1,k ɨ,,pronouns
115_1,115,mform,2,- m ə,,pronouns
115_2,115,mform,3,n - -,,pronouns
115_3,115,pl2,4,- j a m o,,pronouns
116_0,116,1a2,1,k ɨ,,pronouns
116_1,116,mform,2,n - -,,pronouns
116_2,116,pl2,3,- j a m o,,pronouns
117_0,117,1a2,1,k ɨ,,pronouns
117_1,117,mform,2,- m -,,pronouns
117_2,117,pl2,3,- j a - -,,pronouns
117_3,117,emp,4,r ɨ,,pronouns
118_0,118,1a2,1,k ɨ,,pronouns
118_1,118,mform,2,n - -,,pronouns
118_2,118,pl2,3,- w a n -,,pronouns
118_3,118,emp,4,n o,,pronouns
119_0,119,1a2,1,k ɨ,,pronouns
119_1,119,wform,2,w -,,pronouns
119_2,119,pl2,3,- j a m o,,pronouns
120_0,120,1a2,1,k ɨ,,pronouns
120_1,120,wform,2,w -,,pronouns
120_2,120,pl2,3,- j a m o,,pronouns
121_0,121,1a2,1,k ɨ,,pronouns
121_1,121,wform,2,w -,,pronouns
121_2,121,pl2,3,- j a m -,,pronouns
122_0,122,uku,1,- u k u,,pronouns
122_1,122,emp,2,r ə,,pronouns
123_0,123,uku,1,- u g o,,pronouns
123_1,123,emp,2,r o,,pronouns
123_2,123,pl1,3,ŋ m o - -,,pronouns
124_0,124,uku,1,- u g -,,pronouns
124_1,124,emp,2,r o,,pronouns
124_2,124,pl1,3,ŋ m o - -,,pronouns
125_0,125,uku,1,k u k u,,pronouns
125_1,125,emp,2,ɣ e,,pronouns
125_2,125,pl1,3,- k o - -,,pronouns
126_0,126,uku,1,k u - -,,pronouns
126_1,126,mform,2,n m ə,,pronouns
126_2,126,emp,3,r -,,pronouns
126_3,126,pl2,4,- - a m -,,pronouns
126_4,126,pl1,5,- k o m o,,pronouns
127_1,127,1,2,- - u,,pronouns
127_2,127,emp,3,ɣ e,,pronouns
128_0,128,1,1,- j u,,pronouns
128_1,128,1a3,2,m - - n - a,,pronouns
129_0,129,1a3,1,- i - n - a,,pronouns
130_0,130,1a3,1,- a - n j a,,pronouns
131_0,131,1a3,1,- ɨ - n - a,,pronouns
132_0,132,1a3,1,- a - ɲ - a,,pronouns
133_0,133,1a3,1,- a m n - a,,pronouns
134_0,134,1a3,1,- i - n - a,,pronouns
135_0,135,1a3,1,n a ʔ n - a,,pronouns
136_0,136,1a3,1,- a m n - a,,pronouns
137_0,137,1a3,1,- a n n - a,,pronouns
138_0,138,1a3,1,n - - ɲ - a,,pronouns
139_0,139,1a3,1,n a - h - a,,pronouns
140_0,140,1a3,1,- a - n - a,,pronouns
141_0,141,1a3,1,- i n n - a,,pronouns
142_0,142,1a3,1,- a - n - a,,pronouns
143_0,143,1a3,1,- a - n - a,,pronouns
144_0,144,1a3,1,- a m n - a,,pronouns
145_0,145,1a3,1,- a n n - a,,pronouns
146_0,146,1a3,1,- a n n - a,,pronouns
147_0,147,1a3,1,- a - n j a,,pronouns
148_0,148,1a3,1,- a - n j a,,pronouns
149_0,149,1a3,1,- a m n - a,,pronouns
150_0,150,1a3,1,- a - n j a,,pronouns
151_0,151,1a3,1,- a m n - a,,pronouns
152_0,152,1a3,1,- e m n - a,,pronouns
153_0,153,1a3,1,- a - ʔ - a,,pronouns
154_0,154,1a3,1,- a - n - a,,pronouns
155_0,155,1a3,1,n a - n - a,,pronouns
155_1,155,emp,2,r -,,pronouns
156_0,156,ti,1,t͡ʃ i,,pronouns
156_1,156,1a3,2,m - - n - a,,pronouns
157_0,157,ti,1,ʃ i,,pronouns
157_1,157,1a3,2,n a - - - -,,pronouns
158_0,158,ti,1,t͡ʃ i,,pronouns
158_1,158,1a3,2,m - - n - a,,pronouns
159_0,159,ti,1,t͡ʃ i,,pronouns
159_1,159,1a3,2,m - - n - a,,pronouns
160_0,160,2,1,- ə m ə,,pronouns
160_2,160,pl2,3,- j a m o,,pronouns
161_0,161,2,1,- ə m ə,,pronouns
161_1,161,emp,2,r ə,,pronouns
162_0,162,2,1,- a m ə,,pronouns
162_1,162,emp,2,r ə,,pronouns
163_0,163,2,1,- a m ə,,pronouns
163_1,163,emp,2,r ə,,pronouns
163_3,163,pl1,4,- k o n -,,pronouns
164_0,164,2,1,- a m ə,,pronouns
164_1,164,emp,2,r ə,,pronouns
164_3,164,pl1,4,- k o n -,,pronouns
165_0,165,2,1,- a m ə,,pronouns
165_1,165,emp,2,r ə,,pronouns
165_3,165,pl1,4,- k o n -,,pronouns
166_0,166,2,1,- a m a,,pronouns
166_1,166,emp,2,r a,,pronouns
166_2,166,pl1,3,- k o m o,,pronouns
167_0,167,2,1,- o m o,,pronouns
167_1,167,emp,2,r o,,pronouns
167_2,167,pl1,3,ŋ m o - -,,pronouns
168_0,168,2,1,- o m -,,pronouns
168_1,168,emp,2,r o,,pronouns
168_2,168,pl1,3,ŋ m o - -,,pronouns
169_0,169,2,1,- ə m a,,pronouns
169_1,169,emp,2,r -,,pronouns
169_2,169,pl2,3,- - e m o,,pronouns
170_0,170,2,1,- a m o,,pronouns
170_1,170,emp,2,r -,,pronouns
170_2,170,pl2,3,- - a - -,,pronouns
171_0,171,2,1,- ə m ə,,pronouns
171_1,171,emp,2,r -,,pronouns
171_2,171,pl2,3,- - a m -,,pronouns
171_3,171,pl1,4,- k o m o,,pronouns
172_0,172,2,1,- a m ə,,pronouns
172_1,172,emp,2,n -,,pronouns
172_2,172,pl3,3,t o n -,,pronouns
173_0,173,2,1,- a m ɨ,,pronouns
173_1,173,emp,2,r ɨ,,pronouns
173_2,173,pl3,3,t ɨ - -,,pronouns
174_0,174,2,1,- ə m ə,,pronouns
174_1,174,mform,2,n - -,,pronouns
174_2,174,pl2,3,- j a m o,,pronouns
175_0,175,2,1,- ə - -,,pronouns
175_1,175,mform,2,n - -,,pronouns
175_2,175,pl2,3,- j a m o,,pronouns
176_0,176,2,1,- ə m ə,,pronouns
176_1,176,mform,2,n - -,,pronouns
176_2,176,pl2,3,- j a m o,,pronouns
177_0,177,2,1,- a - -,,pronouns
177_1,177,mform,2,ɲ - -,,pronouns
177_2,177,pl2,3,- - a m o,,pronouns
177_3,177,emp,4,r o,,pronouns
178_0,178,2,1,- ə - -,,pronouns
178_1,178,mform,2,n - -,,pronouns
178_2,178,pl2,3,- w a n -,,pronouns
178_3,178,emp,4,n o,,pronouns
179_0,179,2,1,- a - -,,pronouns
179_1,179,pl1,2,- k o n -,,pronouns
179_2,179,pl3,3,t o m o,,pronouns
180_0,180,2,1,m o - -,,pronouns
180_1,180,pl1,2,- k o n -,,pronouns
180_2,180,pl3,3,t o m o,,pronouns
181_0,181,2,1,m ə - -,,pronouns
181_1,181,pl1,2,- k o n -,,pronouns
181_2,181,pl3,3,t o m o,,pronouns
182_0,182,2,1,m o - -,,pronouns
182_1,182,pl1,2,n - - - -,,pronouns
182_2,182,pl3,3,t o m o,,pronouns
183_0,183,2,1,- o m -,,pronouns
183_1,183,pl2,2,- ɲ a m o,,pronouns
184_0,184,2,1,- o m -,,pronouns
184_1,184,pl2,2,- j a - -,,pronouns
184_2,184,emp,3,r ɨ,,pronouns
185_0,185,2,1,- o m -,,pronouns
185_1,185,pl2,2,- j a m -,,pronouns
185_2,185,emp,3,r o,,pronouns
186_0,186,2,1,- o m -,,pronouns
186_1,186,pl2,2,- j a m -,,pronouns
186_2,186,emp,3,r o,,pronouns
187_0,187,2,1,- a m -,,pronouns
187_1,187,pl2,2,- j a m -,,pronouns
187_2,187,emp,3,r o,,pronouns
188_0,188,2,1,- a m -,,pronouns
188_1,188,pl2,2,- - a - -,,pronouns
188_2,188,emp,3,ɣ o,,pronouns
189_0,189,2,1,- a m ɨ,,pronouns
189_1,189,pl2,2,- j a - -,,pronouns
189_2,189,emp,3,r o,,pronouns
190_0,190,aanim,1,ɨ n o r o,,pronouns
191_0,191,aanim,1,- n ə r ə,,pronouns
192_0,192,aanim,1,- n o r o,,pronouns
193_0,193,aanim,1,i n o r o,,pronouns
194_0,194,aanim,1,- n o r o,,pronouns
195_0,195,aanim,1,- ɲ əə r ə,,pronouns
196_0,196,aanim,1,- n o r o,,pronouns
197_0,197,aanim,1,- n əə r ə,,pronouns
198_0,198,aanim,1,- n o r o,,pronouns
199_0,199,aanim,1,- n ə r ə,,pronouns
200_0,200,aanim,1,ɨ ŋ e l e,,pronouns
201_0,201,aanim,1,- n o r o,,pronouns
202_0,202,aanim,1,i n ə r ə,,pronouns
202_1,202,emp,2,r ə,,pronouns
204_1,204,emp,2,r o,,pronouns
205_0,205,aanim,1,ɨ n a r o,,pronouns
206_0,206,aanim,1,i n a r o,,pronouns
207_0,207,aanim,1,- n - - -,,pronouns
207_1,207,pl2,2,- - a m o,,pronouns
208_0,208,aanim,1,- n - - -,,pronouns
208_1,208,pl2,2,- - a m o,,pronouns
209_0,209,aanim,1,- n - - -,,pronouns
209_1,209,pl2,2,- - a m o,,pronouns
209_2,209,emp,3,r o,,pronouns
210_0,210,aanim,1,- ɲ - - -,,pronouns
210_1,210,pl2,2,- - a m o,,pronouns
210_2,210,emp,3,r o,,pronouns
211_0,211,aanim,1,- ɲ e - -,,pronouns
211_1,211,pl2,2,- ʃ a m -,,pronouns
211_2,211,emp,3,r o,,pronouns
212_0,212,aanim,1,- - i n -,,pronouns
212_1,212,pl2,2,- - a m o,,pronouns
212_2,212,emp,3,r o,,pronouns
213_0,213,pinan1,1,s e r o,,pronouns
213_1,213,pl4,2,ʔ n e,,pronouns
214_0,214,toto,1,t o ʔ -,,pronouns
215_0,215,toto,1,t o t o,,pronouns
219_0,219,ainan,1,ɨ r o,,pronouns
220_0,220,ainan,1,i r ə,,pronouns
221_0,221,ainan,1,ɨ r o,,pronouns
222_0,222,ainan,1,i r o,,pronouns
223_0,223,ainan,1,i r o,,pronouns
224_0,224,ainan,1,i j ə,,pronouns
225_0,225,ainan,1,i r ə,,pronouns
226_0,226,ainan,1,i r ə,,pronouns
227_0,227,pinan1,1,s e r o,,pronouns
228_0,228,ainan,1,i r o,,pronouns
229_0,229,ainan,1,i r o,,pronouns
229_1,229,pl1,2,- k o n -,,pronouns
230_0,230,manim,1,- m o - k ɨ,,pronouns
231_0,231,manim,1,- m ə - k ə,,pronouns
232_0,232,manim,1,- m o - k ɨ,,pronouns
233_0,233,manim,1,- m o ʔ k ɨ,,pronouns
234_0,234,manim,1,- m o - k ɨ,,pronouns
235_0,235,manim,1,- m ə k k ɨ,,pronouns
236_0,236,manim,1,- m ə - k ɨ,,pronouns
237_0,237,manim,1,- m ɨ - k ɨ,,pronouns
238_0,238,manim,1,- m ə - k ɨ,,pronouns
239_0,239,manim,1,- - u - g u,,pronouns
239_1,239,emp,2,n -,,pronouns
240_0,240,manim,1,- m ə - k -,,pronouns
240_1,240,pl2,2,- - a m o,,pronouns
240_2,240,emp,3,r o,,pronouns
241_0,241,dinan,1,m u n -,,pronouns
242_0,242,manim,1,- m o - k -,,pronouns
242_1,242,pl2,2,- - a m o,,pronouns
243_0,243,manim,1,- m o - k -,,pronouns
243_1,243,pl2,2,- j a m o,,pronouns
244_0,244,manim,1,- m o ʔ k -,,pronouns
244_1,244,pl2,2,- - a n -,,pronouns
245_0,245,manim,1,- m a k k -,,pronouns
245_1,245,pl2,2,- - a m o,,pronouns
246_0,246,manim,1,- m ə - k ɨ,,pronouns
246_1,246,pl2,2,- j a m o,,pronouns
247_0,247,manim,1,- m o - - -,,pronouns
247_1,247,pl2,2,- ʃ a m -,,pronouns
248_0,248,manim,1,- m ə - k -,,pronouns
248_1,248,pl2,2,- j a m o,,pronouns
249_0,249,dinan,1,m o n ɨ,,pronouns
250_0,250,dinan,1,m o n ɨ,,pronouns
251_0,251,dinan,1,m o n ɨ,,pronouns
252_0,252,dinan,1,m o n ɨ,,pronouns
253_0,253,dinan,1,m əə n ɨ,,pronouns
254_0,254,dinan,1,m ə n ɨ,,pronouns
255_0,255,dinan,1,m ɨ n ɨ,,pronouns
256_0,256,dinan,1,m ɨ n ɨ,,pronouns
257_0,257,uku,1,- u g -,,pronouns
257_1,257,pl2,2,- j a m -,,pronouns
259_1,259,pl4,2,ʔ n e,,pronouns
260_0,260,dinan,1,m o n ɨ,,pronouns
260_1,260,pl1,2,- k o n -,,pronouns
261_0,261,dinan,1,m ɨ n ɨ,,pronouns
261_1,261,pl1,2,- k o m o,,pronouns
262_0,262,dinan,1,m u - -,,pronouns
262_1,262,pl2,2,- j a m -,,pronouns
264_0,264,dinan,1,m ə n ɨ,,pronouns
265_0,265,manim,1,- m ɨ - k ɨ,,pronouns
266_0,266,manim,1,- m o ʔ k o,,pronouns
267_0,267,manim,1,- k ɨ - - -,,pronouns
267_1,267,emp,2,r ə,,pronouns
268_0,268,manim,1,- m o - k ɨ,,pronouns
268_1,268,emp,2,r o,,pronouns
269_0,269,manim,1,- m o - k -,,pronouns
269_1,269,emp,2,r o,,pronouns
270_0,270,manim,1,- m o - k o,,pronouns
270_1,270,emp,2,r o,,pronouns
271_0,271,manim,1,- m ɨɨ - k ɨ,,pronouns
271_1,271,emp,2,r ɨ,,pronouns
272_0,272,manim,1,- k ə - - -,,pronouns
272_1,272,emp,2,n -,,pronouns
273_0,273,manim,1,- m ə - ʔ -,,pronouns
273_1,273,emp,2,r ə,,pronouns
274_0,274,manim,1,- m ə - k ɨ,,pronouns
274_1,274,emp,2,r ə,,pronouns
275_0,275,manim,1,- m ə - k ɨ,,pronouns
275_1,275,emp,2,r ə,,pronouns
276_0,276,manim,1,- m ə - k ɨ,,pronouns
276_1,276,emp,2,r ə,,pronouns
277_0,277,manim,1,- m əə - - -,,pronouns
277_1,277,emp,2,r ə,,pronouns
278_0,278,manim,1,- m ɨ - k -,,pronouns
278_1,278,emp,2,r o,,pronouns
279_0,279,manim,1,- m ə - k -,,pronouns
279_1,279,emp,2,r ə,,pronouns
279_2,279,emp,3,r ə,,pronouns
281_0,281,manim,1,- m o - k -,,pronouns
281_1,281,pl2,2,- j a m o,,pronouns
282_0,282,manim,1,- m ɨ - k ɨ,,pronouns
282_1,282,pl2,2,- j a m ə,,pronouns
283_0,283,manim,1,- m o - k -,,pronouns
283_1,283,pl2,2,- - a - -,,pronouns
283_2,283,emp,3,r o,,pronouns
284_0,284,manim,1,- m o - k -,,pronouns
284_1,284,pl2,2,- j a - -,,pronouns
284_2,284,emp,3,r ɨ,,pronouns
285_0,285,manim,1,- m ə - k -,,pronouns
285_1,285,pl2,2,- j a - -,,pronouns
285_2,285,emp,3,r ə,,pronouns
286_0,286,manim,1,- m o ʔ k -,,pronouns
286_1,286,pl2,2,- - a - -,,pronouns
286_2,286,emp,3,r o,,pronouns
292_0,292,dinan,1,m ə n ɨ,,pronouns
293_0,293,minan,1,m ə r ə,,pronouns
294_0,294,minan,1,m ə r ə,,pronouns
295_0,295,minan,1,m o r o,,pronouns
296_0,296,minan,1,m ə r ə,,pronouns
297_0,297,minan,1,m ə r ə,,pronouns
298_0,298,minan,1,m o r o,,pronouns
299_0,299,minan,1,m ə r ə,,pronouns
300_0,300,minan,1,m o r o,,pronouns
301_0,301,minan,1,m o r o,,pronouns
302_0,302,minan,1,m ə r ə,,pronouns
303_0,303,minan,1,m ə n -,,pronouns
304_0,304,minan,1,m ə r ə,,pronouns
305_0,305,minan,1,m ə r ə,,pronouns
306_0,306,minan,1,m ə r ə,,pronouns
307_0,307,minan,1,m ə r ə,,pronouns
308_0,308,minan,1,m ə r ə,,pronouns
309_0,309,minan,1,m o r o,,pronouns
310_0,310,minan,1,m ə r ə,,pronouns
311_0,311,minan,1,m ɨ r ɨ,,pronouns
312_0,312,minan,1,m ə r ə,,pronouns
313_0,313,minan,1,m ɨ r ɨ,,pronouns
313_1,313,emp,2,r ɨ,,pronouns
316_0,316,dinan,1,m ə n -,,pronouns
316_1,316,pl1,2,- k o n -,,pronouns
317_0,317,minan,1,m o r o,,pronouns
317_1,317,pl1,2,- k o n -,,pronouns
318_0,318,minan,1,m ə r ə,,pronouns
318_1,318,pl1,2,- k o m o,,pronouns
319_0,319,minan,1,m ə r ə,,pronouns
319_1,319,pl2,2,- j a m ə,,pronouns
320_0,320,minan,1,m ə r ə,,pronouns
320_1,320,pl3,2,t o m o,,pronouns
321_0,321,minan,1,m o r o,,pronouns
321_1,321,pl4,2,ʔ n e,,pronouns
323_0,323,manim,1,- m ə - ʔ -,,pronouns
323_1,323,emp,2,r ə,,pronouns
324_0,324,panim,1,m o s e,,pronouns
325_0,325,panim,1,m o s e,,pronouns
326_0,326,panim,1,m ə h -,,pronouns
327_0,327,panim,1,m ə s e,,pronouns
328_0,328,panim,1,m ə s e,,pronouns
329_0,329,panim,1,m ə t͡ʃ e,,pronouns
330_0,330,panim,1,m ə - e,,pronouns
331_0,331,panim,1,- e s e,,pronouns
332_0,332,panim,1,m o s o,,pronouns
333_0,333,panim,1,m ə s i,,pronouns
334_0,334,panim,1,m o s o,,pronouns
335_0,335,panim,1,m o s o,,pronouns
335_1,335,emp,2,r o,,pronouns
336_0,336,panim,1,m ɨ s e,,pronouns
336_1,336,emp,2,r ɨ,,pronouns
337_0,337,panim,1,m ə s ə,,pronouns
337_1,337,emp,2,r ə,,pronouns
338_0,338,panim,1,m ə h e,,pronouns
338_1,338,emp,2,r ə,,pronouns
339_0,339,pinan1,1,- e r o,,pronouns
341_0,341,manim,1,- m ɨ - k -,,pronouns
341_1,341,pl2,2,- j a m -,,pronouns
342_0,342,panim,1,m o ʃ -,,pronouns
342_1,342,pl2,2,i - a m o,,pronouns
343_0,343,panim,1,m o ʃ -,,pronouns
343_1,343,pl2,2,- - a m o,,pronouns
344_0,344,panim,1,m ə t͡ʃ e,,pronouns
344_1,344,pl2,2,- t͡ʃ a m o,,pronouns
345_0,345,panim,1,m ə - e,,pronouns
345_1,345,pl2,2,- s a m o,,pronouns
346_0,346,panim,1,m ə h e,,pronouns
346_1,346,pl2,2,- - a m o,,pronouns
347_0,347,panim,1,m o ʔ -,,pronouns
347_1,347,pl2,2,- s a r o,,pronouns
348_0,348,panim,1,m o ʔ -,,pronouns
348_1,348,pl2,2,- t͡ʃ a - -,,pronouns
348_2,348,emp,3,r ɨ,,pronouns
349_0,349,panim,1,m ə h -,,pronouns
349_1,349,pl2,2,- - a - -,,pronouns
349_2,349,emp,3,r ə,,pronouns
350_0,350,panim,1,m ə h -,,pronouns
350_1,350,pl2,2,- t͡ʃ a n -,,pronouns
350_2,350,pl3,3,t o n -,,pronouns
355_1,355,pinan2,2,s i n -,,pronouns
356_0,356,pinan1,1,s e r ə,,pronouns
357_0,357,pinan1,1,t͡ʃ e r ə,,pronouns
358_0,358,pinan1,1,ʃ i r ə,,pronouns
359_0,359,pinan1,1,- ə r ə,,pronouns
360_0,360,pinan1,1,- e r o,,pronouns
361_0,361,pinan1,1,s o r o,,pronouns
362_0,362,pinan1,1,- e r ə,,pronouns
363_0,363,pinan1,1,s ɨ h -,,pronouns
364_0,364,pinan1,1,s ə r ə,,pronouns
365_0,365,pinan1,1,t͡ʃ e r ə,,pronouns
366_0,366,pinan1,1,s e r ə,,pronouns
367_0,367,pinan1,1,- i ɣ e,,pronouns
368_0,368,pinan1,1,h e r ə,,pronouns
369_0,369,pinan1,1,s ə - -,,pronouns
369_1,369,emp,2,r ə,,pronouns
370_0,370,pinan1,1,s ɨ r ɨ,,pronouns
370_1,370,emp,2,r ɨ,,pronouns
371_0,371,pinan2,1,s e n ɨ,,pronouns
372_0,372,pinan2,1,- e n ɨ,,pronouns
373_0,373,pinan2,1,- o n ɨ,,pronouns
374_0,374,pinan2,1,- e n ɨ,,pronouns
375_0,375,pinan2,1,s e n i,,pronouns
376_0,376,pinan2,1,t͡ʃ e n ɨ,,pronouns
377_0,377,pinan2,1,s e n ɨ,,pronouns
378_0,378,pinan2,1,s i n ɨ,,pronouns
379_0,379,pinan2,1,s e n i,,pronouns
384_1,384,pl2,2,- j a m -,,pronouns
385_0,385,pinan1,1,s ə - -,,pronouns
385_1,385,emp,2,r ə,,pronouns
385_2,385,pl2,3,- j a m ə,,pronouns
386_0,386,pinan1,1,- e r o,,pronouns
386_1,386,pl1,2,- k o n -,,pronouns
387_0,387,pinan1,1,h e r ə,,pronouns
387_1,387,pl1,2,- k o m o,,pronouns
388_0,388,pinan2,1,s o r o,,pronouns
389_0,389,pinan2,1,- e n ɨ,,pronouns
389_1,389,pl1,2,- k o n -,,pronouns
390_0,390,pinan2,1,s i n -,,pronouns
390_1,390,pl1,2,- k o m o,,pronouns
392_1,392,pl2,2,- j a m o,,pronouns
393_0,393,1,1,- - uu,,pronouns
393_1,393,emp,2,r ɨ,,pronouns
393_2,393,pl3,3,ʔ - - -,,pronouns
393_3,393,pl1,4,- k o n -,,pronouns
394_0,394,1,1,- j uu,,pronouns
394_1,394,emp,2,r ə,,pronouns
394_2,394,pl3,3,t o - -,,pronouns
394_3,394,pl1,4,- k o n -,,pronouns
395_0,395,1a2,1,k ɨ,,pronouns
395_2,395,emp,3,r o,,pronouns
396_0,396,1a2,1,k ɨ,,pronouns
396_1,396,wform,2,w ɨ,,pronouns
396_2,396,emp,3,r o,,pronouns
397_0,397,1a3,1,- a m n - a,,pronouns
398_0,398,2,1,- a m o,,pronouns
398_1,398,emp,2,r -,,pronouns
398_2,398,pl2,3,- - a - -,,pronouns
399_0,399,2,1,- a m ɨ,,pronouns
399_1,399,emp,2,r ɨ,,pronouns
399_3,399,pl1,4,- k o n -,,pronouns
400_0,400,2,1,- a m ə,,pronouns
400_1,400,emp,2,r ə,,pronouns
400_3,400,pl1,4,- k o n -,,pronouns
401_0,401,ainan,1,i r o,,pronouns
402_0,402,ainan,1,ɨ r o,,pronouns
403_0,403,ainan,1,ɨ l e,,pronouns
404_0,404,ainan,1,e r o,,pronouns
405_0,405,ainan,1,i r ə,,pronouns
405_1,405,pl3,2,t o m o,,pronouns
406_0,406,dinan,1,m ə n -,,pronouns
406_1,406,pl3,2,t o m o,,pronouns
407_0,407,manim,1,- m ə - k ɨ,,pronouns
408_0,408,manim,1,e k i - - -,,pronouns
409_0,409,manim,1,ee k i - - -,,pronouns
410_0,410,manim,1,- m ə - k ɨ,,pronouns
410_1,410,pl2,2,- j a m o,,pronouns
411_0,411,minan,1,m ə r ə,,pronouns
412_0,412,pinan1,1,s ə r ə,,pronouns
413_0,413,pinan1,1,s ɨ h -,,pronouns
413_1,413,pl1,2,- k o n -,,pronouns
414_0,414,pinan1,1,s e r ə,,pronouns
414_1,414,pl3,2,t o m o,,pronouns
415_0,415,pinan2,1,s e n -,,pronouns
415_1,415,pl3,2,t o m o,,pronouns
416_0,416,toto,1,t o ʔ -,,pronouns
417_0,417,toto,1,t o ʔ -,,pronouns
447_0,447,2,1,- ə m -,,pronouns
447_1,447,pl2,2,- j a m o,,pronouns
448_0,448,2,1,- a m -,,pronouns
448_1,448,pl2,2,- ɲ a m o,,pronouns
448_2,448,emp,3,r o,,pronouns
449_0,449,1a2,1,k i,,pronouns
449_1,449,wform,2,w e,,pronouns
450_0,450,1a2,1,k i,,pronouns
450_1,450,pl2,2,- k e m o,,pronouns
451_0,451,1a2,1,k ɨ,,pronouns
451_1,451,mform,2,- m o,,pronouns
451_2,451,emp,3,r o,,pronouns
452_0,452,1a2,1,k ɨ,,pronouns
452_1,452,mform,2,- m o,,pronouns
452_2,452,pl2,3,- j a - -,,pronouns
452_3,452,emp,4,r o,,pronouns
