ID,Language_ID,Form,Meaning,Cognateset_ID,Cognates,Source,Comments
,aka,u+rə,1,1,1+EMP,stegeman2014akawaio[173]; akawaiocaesar2003[106],
,aku,wɨ,1,1,1,meira1998proto[159],
,apa,ɨwɨ,1,1,1,koehn1986apalai[95],
,ara,u+ro,1,1,1+EMP,desouza2010arara[87],
,bak,u+rə,1,1,1+EMP,meira2005southern[180],
,car,əwɨ,1,1,1,robayo2000avance[174],
,hix,u+ro,1,1,1+EMP,hixkaryanaderby1985[7],
,ikp,u+ro,1,1,1+EMP,ikpengpacheco2001[119],
,ing,u+rə,1,1,1+EMP,cruz2005fonologia[162],
,kar,awu,1,1,1,courtz2008carib[52],
,kax,owɨ,1,1,1,schuring2018kaxuyana[94],
,mac,uu+rɨ,1,1,1+EMP,macushiabbott1991[99],
,mak,ewɨ,1,1,1,maquiritaricaceres2011[167],
,map,wɨ+hɨ,1,1,1+hform,mattei2003pemono[48],
,map,u+hɨ,1,1,1+hform,mattei2003pemono[48],
,pan,ju,1,1,1,panarepayne2013[88],
pc-1,PC,əwɨ,1,1,1,meira2002first[271],Changed vowel.
,pem,juu+rə,1,1,1+EMP,swiggers2010gramatica[120],
,PMan,wɨ+rə,1,1,1+EMP,,
,PMan,wɨ+hɨ,1,1,1+hform,,
,pno,u+rə,1,1,1+EMP,mattei2003pemono[48],
,pno,wɨ+h,1,1,1+hform,mattei2003pemono[48],
,PPar,owɨ,1,1,1,,
,PPek,u+rə,1,1,1+EMP,,
,PPem,ju+rə,1,1,1+EMP,,
,PPP,ju,1,1,1+EMP,,
,PTar,əwɨ,1,1,1,meira1998proto[64],
,PTir,wɨ,1,1,1,,
,PWai,owɨ,1,1,1,,
,PXin,u+ro,1,1,1+EMP,,
,tam,u+re,1,1,1+EMP,gilij1784saggio[197],
,tri,wɨ(ɨ),1,1,1,triomeira1999[152],
,uxc,u+ɣe,1,1,1+EMP,kuikurodossantos2007[55],
,wai,owɨ,1,1,1,hawkins2015dictionary,
,way,ɨwu,1,1,1,camargo2010wayana[44],
,wmr,awɨ,1,1,1,waimiribruno2003[77],
,yab,wɨ+rə,1,1,1+EMP,mattei2003pemono[49],
,yuk,awɨ(+r),1,1,1+EMP,largo2011yukpa[57],
,aka,amə+rə,2,2,2+EMP,akawaiocaesar2003[107],
,aku,əmə,2,2,2,meira1998proto[159],
,apa,omo+ro,2,2,2+EMP,koehn1986apalai[95],
,ara,omo+ro,2,2,2+EMP,souza1993arara,
,bak,əmə,2,2,2,meira2005southern[180],
,car,əmə+rə,2,2,2+EMP,guerrero2019carijo[76],
,hix,omo+ro,2,2,2+EMP,hixkaryanaderby1985[7],
,ikp,om+ro,2,2,2+EMP,ikpengpacheco2001[119],
,ing,amə+rə,2,2,2+EMP,cruz2005fonologia[162],
,kar,amo+ro,2,2,2+EMP,courtz2008carib[52],
,kax,omo+ro,2,2,2+EMP,schuring2018kaxuyana[94],
,mac,amɨ+rɨ,2,2,2+EMP,macushiabbott1991[99],
,mak,amə+rə,2,2,2+EMP,maquiritaricaceres2011[167],
,map,(m)ə+rə,2,2,2+EMP,muller1975mapoyo[64],
,pan,amə+n,2,2,2+EMP,panarepayne2013[88],
pc-2,PC,əmə,2,2,2,meira2002first[271],Changed vowel. Almost all languages have grammaticalized \**rə*.
,pem,amə+rə,2,2,2+EMP,swiggers2010gramatica[120],
,PMan,mə+rə,2,2,2+EMP,mattei2003pemono[48],
,pno,mə+rə,2,2,2+EMP,mattei2003pemono[48],
,PPar,omo+ro,2,2,2+EMP,,
,PPek,əmə,2,2,2,,
,PPem,amə+rə,2,2,2+EMP,,
,PPP,amə+rə,2,2,2+EMP,,
,PTar,əmə,2,2,2,meira1998proto[64],Added EMP
,PTir,əmə,2,2,2,,
,PWai,omo+ro,2,2,2+EMP,,
,PXin,omo+ro,2,2,2+EMP,,
,tam,ama+re,2,2,2+EMP,gilij1781saggio[124],
,tri,əmə,2,2,2,triomeira1999[152],
,uxc,ee+ɣe,2,2,2+EMP,meira2005southern[180],
,wai,amo+ro,2,2,2+EMP,hawkins2015dictionary,
,way,əmə+rə,2,2,2+EMP,wayanatavares2005[180],
,way,əmə,2,2,2,wayanatavares2005[180],
,wmr,amɨ+rɨ,2,2,2+EMP,waimiribruno2003[77],
,yab,mə+rə,2,2,2+EMP,mattei2003pemono[49],
,yuk,amo,2,2,2,largo2011yukpa[57],
,yuk,amo+r,2,2,2+EMP,largo2011yukpa[57],
,aka,u+rə+ʔno+kon,1+2,1+2,1+EMP+pempl+PL-1,stegeman2014akawaio[97],No distinct forms for 1+2 and 1+2PL
,aku,kɨ+mə,1+2,1+2,1a2+mform,meira1998proto[64],
,apa,kɨ+mo+ro,1+2,1+2,1a2+mform+EMP,koehn1986apalai[95],
,ara,ugo+ro,1+2,1+2,uku+EMP,souza1993arara,
,bak,ku+rə,1+2,1+2,uku+EMP,meiraDBbakairi,
,car,kɨ+mə+rə,1+2,1+2,1a2+mform+EMP,guerrero2019carijo[76],
,hix,kɨ+w+ro,1+2,1+2,1a2+wform+EMP,hixkaryanaderby1985[7],
,ikp,ug+ro,1+2,1+2,uku+EMP,ikpengpacheco2001[119],
,kar,kɨ+ʔko,1+2,1+2,1a2+karform,courtz2008carib[52],Surinamese Kari’ña.
,kar,kɨ+mo+ro,1+2,1+2,1a2+mform+EMP,courtz2008carib[52],Venezuelan Kari’ña
,kax,ku+mo+ro,1+2,1+2,1a2+mform+EMP,,
,mac,uu+rɨ+ʔ+kon,1+2,1+2,1+EMP+PL-3+PL-1,macushiabbott1991[99],
,mak,kɨ+wɨ,1+2,1+2,1a2+wform,maquiritaricaceres2011[167],
,map,eʔnə,1+2,1+2,1a2cop,mattei2003pemono[48],
,pan,ju+to,1+2,1+2,1+PL-3,panarepayne2013[88],
pc-12,PC,kɨ+CV,1+2,1+2,1a2+?,meira2002first[271],
,pem,juu+rə+to,1+2,1+2,1+EMP+PL-3,garcia2006diccionario[64],
,PMan,et͡ʃinə,1+2,1+2,1a2cop,,
,pno,eʔnə,1+2,1+2,1a2cop,mattei2003pemono[48],
,PPar,kɨ+wɨ,1+2,1+2,1a2+?,,
,PPar,kɨ+mo,1+2,1+2,1a2+?,,
,PPek,uku+rə,1+2,1+2,uku+EMP,,
,PPem,ju+rə+to+kon,1+2,1+2,1+EMP+PL-3+PL-1,,
,PTar,kɨ+mə,1+2,1+2,1a2+mform,meira1998proto[64],Added EMP
,PTir,kɨ+mə,1+2,1+2,1a2+mform,,
,PWai,kɨ+wɨ,1+2,1+2,1a2+wform,,
,PXin,ugo+ro,1+2,1+2,uku+EMP,,
,tam,ki+we,1+2,1+2,1a2+wform,meira2002first[258],First vowel is probably ɨ.
,tri,kɨ+mə,1+2,1+2,1a2+mform,triomeira1999[152],
,uxc,kuku+ɣe,1+2,1+2,uku+EMP,kuikurodossantos2007[55],
,wai,kɨɨ+wɨ,1+2,1+2,1a2+wform,,
,way,ku+n+mə,1+2,1+2,1a2+?+mform,wayanatavares2005[180],Potentially from *uku.
,wmr,kɨkɨ,1+2,1+2,uku,waimiribruno2003[77],
,yab,ehnə,1+2,1+2,1a2cop,mattei2003pemono[49],
,yuk,epɨ,1+2,1+2,1a2ep,largo2011yukpa[57],
,aka,u+rə+ʔno+kon,1+2PL,1+2PL,1+EMP+pempl+PL-1,stegeman2014akawaio[97],
,aku,kɨ(+mə)+n+jamo,1+2PL,1+2PL,1a2+mform+mform+PL-2,meira1998proto[64],
,apa,kɨ+ma+ro+komo,1+2PL,1+2PL,1a2+mform+EMP+PL-1,koehn1986apalai[95],
,ara,ugo+ro+ŋmo,1+2PL,1+2PL,uku+EMP+PL-1,souza1993arara,
,bak,ku+rə,1+2PL,1+2PL,uku+EMP,meiraDBbakairi,
,car,kɨ+ɲ+amo+ro,1+2PL,1+2PL,1a2+mform+PL-2+EMP,guerrero2019carijo[76],
,hix,kɨ+w+jamo,1+2PL,1+2PL,1a2+wform+PL-2,hixkaryanaderby1985[7],
,ikp,ug+ro+ŋmo,1+2PL,1+2PL,uku+EMP+PL-1,ikpengpacheco2001[119],
,ing,u+rə+ʔno+kon,1+2PL,1+2PL,1+EMP+pempl+PL-1,cruz2005fonologia[162],
,kar,kɨ+ʔk+a+ro(+n),1+2PL,1+2PL,1a2+karform+PL-2+EMP+?,courtz2008carib[52],Surinamese Kari’ña. Final /n/ only in eastern Surinamese.
,kar,kɨ+mo+ja+ro,1+2PL,1+2PL,1a2+mform+PL-2+EMP,courtz2008carib[52],Venezuelan Kari’ña
,kax,kɨ+m+ja+rɨ,1+2PL,1+2PL,1a2+mform+PL-2+EMP,,
,mac,uu+rɨ+ʔnɨ+kon,1+2PL,1+2PL,1+EMP+pempl+PL-1,macushiabbott1991[99],
,mak,kɨ+n+wan+no,1+2PL,1+2PL,1a2+mform+PL-2+EMP,maquiritaricaceres2011[167],
,pan,ju+ta+kon,1+2PL,1+2PL,1+?+PL-1,panarepayne2013[88],
pc-12pl,PC,kɨ+CV+jamo,1+2PL,1+2PL,1a2+?+PL-2,meira2002first[271],
,pem,juu+rə+no+kon,1+2PL,1+2PL,1+EMP+pempl+PL-1,garcia2006diccionario[64],
,pem,juu+rə+to+kon,1+2PL,1+2PL,1+EMP+PL-3+PL-1,garcia2006diccionario[64],
,PPar,kɨ+w+jamo,1+2PL,1+2PL,1a2+wform+PL-2,,
,PPar,kɨ+mo+jamo,1+2PL,1+2PL,1a2+mform+PL-2,,
,PPem,ju+rə+ʔno+kon,1+2PL,1+2PL,1+EMP+pempl+PL-1,,
,PTar,kɨ+n+jamo,1+2PL,1+2PL,1a2+mform+PL-2,meira1998proto[64],
,PTir,kɨ(+mə)+n+jamo,1+2PL,1+2PL,1a2+mform+mform+PL-2,,
,PWai,kɨ+w+jamo,1+2PL,1+2PL,1a2+wform+PL-2,,
,PXin,ugo+ro+ŋmo,1+2PL,1+2PL,uku+EMP+PL-1,,
,tam,ki+kemo,1+2PL,1+2PL,1a2+PL-1,meira2002first[258],First vowel is probably ɨ.
,tri,kɨ+mə+n+jamo,1+2PL,1+2PL,1a2+mform+mform+PL-2,triomeira1999[152],
,uxc,kuku+ɣe+ko,1+2PL,1+2PL,uku+EMP+PL-1,kuikurodossantos2007[55],
,wai,kɨ+w+jam,1+2PL,1+2PL,1a2+wform+PL-2,,
,way,ku+n+mə+r+am+komo,1+2PL,1+2PL,1a2+?+mform+EMP+PL-2+PL-1,wayanatavares2005[180],
,aka,ina,1+3,1+3,1a3,stegeman2014akawaio[61],
,aku,anja,1+3,1+3,1a3,meira1998proto[159],
,apa,ɨna,1+3,1+3,1a3,koehn1986apalai[95],
,ara,t͡ʃi+mna,1+3,1+3,ti+1a3,souza1993arara,
,bak,ʃi+na,1+3,1+3,ti+1a3,meira2005southern[180],
,car,aɲa,1+3,1+3,1a3,guerrero2019carijo[76],
,hix,amna,1+3,1+3,1a3,hixkaryanaderby1985[7],
,ikp,t͡ʃi+mna,1+3,1+3,ti+1a3,ikpengpacheco2001[284],
,ing,ina,1+3,1+3,1a3,cruz2005fonologia[162],
,jap,n+ana,1+3,1+3,n13+1a3,japreriaflores2002[57],
,kar,n+aʔna,1+3,1+3,n13+1a3,courtz2008carib[53],
,kax,amna,1+3,1+3,1a3,schuring2018kaxuyana[94],
,mac,anna,1+3,1+3,1a3,macushiabbott1991[99],
,mak,nɲa,1+3,1+3,1a3,maquiritaricaceres2011[167],
map-1a3,map,na+ha,1+3,1+3,1a3+?,mattei2003pemono[48],
,pan,ana,1+3,1+3,1a3,panarepayne2013[88],
pc-13,PC,aipna,1+3,1+3,1a3,meira2002first[263],
,pem,inna,1+3,1+3,1a3,swiggers2010gramatica[120],
,PMan,ana,1+3,1+3,1a3,,
,pno,ana,1+3,1+3,1a3,mattei2003pemono[48],
,PPar,amna,1+3,1+3,1a3,,
,PPek,t͡ʃi+mna,1+3,1+3,ti+1a3,,
,PPem,inna,1+3,1+3,1a3,,
,PPem,anna,1+3,1+3,1a3,,
,PPP,inna,1+3,1+3,1a3,,
,PTar,anja,1+3,1+3,1a3,meira1998proto[64],
,PTir,anja,1+3,1+3,1a3,,
,PWai,amna,1+3,1+3,1a3,,
,PXin,t͡ʃi+mna,1+3,1+3,ti+1a3,,
,tam,ju+mna,1+3,1+3,1+1a3,gilij1782saggio[5],
,tri,anja,1+3,1+3,1a3,triomeira1999[152],
,uxc,tis+u+ɣe,1+3,1+3,?+1+EMP,kuikurodossantos2007[55],
,wai,amna,1+3,1+3,1a3,hawkins2015dictionary,
,way,emna,1+3,1+3,1a3,wayanatavares2005[180],
,wmr,aʔa,1+3,1+3,1a3,waimiribruno2003[77],
,yab,ana,1+3,1+3,1a3,mattei2003pemono[49],
,yuk,n+ana(+r),1+3,1+3,n13+1a3+EMP,largo2011yukpa[57],
,aka,amə+rə+ʔno+kon,2PL,2PL,2+EMP+pempl+PL-1,akawaiocaesar2003[520],
,aku,əmə+n+jamo,2PL,2PL,2+2+PL-2,meira1998proto[64],
,apa,ama+ra+komo,2PL,2PL,2+EMP+PL-1,koehn1986apalai[95],
,ara,omo+ro+ŋmo,2PL,2PL,2+EMP+PL-1,souza1993arara,
,bak,əma+r+emo,2PL,2PL,2+EMP+PL-2,meira2005bakairi,
,car,aɲ+amo+ro,2PL,2PL,2+PL-2+EMP,guerrero2019carijo[76],ɲ is from mə+j
,hix,om+ɲamo,2PL,2PL,2+PL-2,hixkaryanaderby1985[7],
,ikp,om+ro+ŋmo,2PL,2PL,2+EMP+PL-1,ikpengpacheco2001[119],
,ing,amə+rə+ʔno+kon,2PL,2PL,2+EMP+pempl+PL-1,cruz2005fonologia[162],
,kar,amɨ+ja+ro(+n),2PL,2PL,2+PL-2+EMP+?,courtz2008carib[52],Final /n/ only in eastern Surinamese.
,kax,om+ja+rɨ,2PL,2PL,2+PL-2+EMP,,
,mac,amɨ+rɨ+ʔnɨ+kon,2PL,2PL,2+EMP+pempl+PL-1,macushiabbott1991[99],
,mak,ən+wan+no,2PL,2PL,2+PL-2+EMP,maquiritaricaceres2011[167],
,map,a+kon+tomo,2PL,2PL,2+PL-1+PL-3,mattei2003pemono[48],Ambiguous wether /a/ is from [](cldf#CognatesetTable:2) or from the prefix *_a_-.
,pan,amə+n+ton,2PL,2PL,2+EMP+PL-3,panarepayne2013[88],
pc-2pl,PC,əm+jamo,2PL,2PL,2+PL-2,meira2002first[271],
,pem,amə+rə+no+kon,2PL,2PL,2+EMP+pempl+PL-1,swiggers2010gramatica[120],
,PMan,mə+kon+tomo,2PL,2PL,2+PL-1+PL-3,,
,pno,mo+kon+tomo,2PL,2PL,2+PL-1+PL-3,mattei2003pemono[48],
,PPar,om+jamo,2PL,2PL,2+PL-2,,
,PPek,əmə+rə+jamo,2PL,2PL,2+EMP+?,,
,PPem,amə+rə+ʔno+kon,2PL,2PL,2+EMP+pempl+PL-1,,
,PPP,amə+rə+?,2PL,2PL,2+EMP+?,,
,PTar,ən+jamo,2PL,2PL,2+PL-2,meira1998proto[64],
,PTir,əmə+n+jamo,2PL,2PL,2+2+PL-2,,
,PWai,om+jamo,2PL,2PL,2+PL-2,,
,PXin,omo+ro+ŋmo,2PL,2PL,2+EMP+PL-1,,
,tam,am+ɲamo+ro,2PL,2PL,2+PL-2+EMP,meira2002first[258],
,tri,əmə+n+jamo,2PL,2PL,2+2+PL-2,triomeira1999[152],
,uxc,am+a+ɣo,2PL,2PL,2+PL-2+EMP,kuikurodossantos2007[55],
,wai,am+jam+ro,2PL,2PL,2+PL-2+EMP,,
,way,əmə+r+am+komo,2PL,2PL,2+EMP+PL-2+PL-1,wayanatavares2005[180],
,wmr,amɨ+rɨ+tɨ,2PL,2PL,2+EMP+PL-3,meira2002first[258],
,yab,mo+n+tomo,2PL,2PL,2+PL-1+PL-3,mattei2003pemono[49],
,yuk,amo+r+a,2PL,2PL,2+EMP+PL-2,meira2003primeras,
,aku,nərə,3ANA.ANIM,3ANA.ANIM,a.anim,meiraDBakuriyo,
,apa,ɨnoro,3ANA.ANIM,3ANA.ANIM,a.anim,koehn1986apalai[95],
,bak,inəra,3ANA.ANIM,3ANA.ANIM,a.anim,meira2002first[269],
,car,nərə,3ANA.ANIM,3ANA.ANIM,a.anim,guerrero2019carijo[86],
,hix,noro,3ANA.ANIM,3ANA.ANIM,a.anim,hixkaryanaderby1985[7],
,kar,inoro,3ANA.ANIM,3ANA.ANIM,a.anim,courtz2008carib[53],
,kar,ɲoro,3ANA.ANIM,3ANA.ANIM,a.anim,mosonyi1978kalina[35],Venezuelan Kari’ña
,kax,noro,3ANA.ANIM,3ANA.ANIM,a.anim,,
,mak,ɲəərə,INVIS.ANIM,3ANA.ANIM,a.anim,maquiritaricaceres2011[122],
pc-3anim,PC,inərə,3ANA.ANIM,3ANA.ANIM,a.anim,meira2002first[271],
,PPar,noro,3ANA.ANIM,3ANA.ANIM,a.anim,,
,PPek,inəra,3ANA.ANIM,3ANA.ANIM,a.anim,,
,PTar,nə(ə)rə,3ANA.ANIM,3ANA.ANIM,a.anim,meira1998proto[67],
,PTir,nərə,3ANA.ANIM,3ANA.ANIM,a.anim,,
,PWai,noro,3ANA.ANIM,3ANA.ANIM,a.anim,,
,tam,nare,3ANA.ANIM,3ANA.ANIM,a.anim,meira2002first[269],Probably nərə.
,tri,nərə,3ANA.ANIM,3ANA.ANIM,a.anim,triomeira1999[154],
,uxc,ɨŋele,3ANA.ANIM,3ANA.ANIM,a.anim,kuikurodossantos2007[55],
,wai,noro,3ANA.ANIM,3ANA.ANIM,a.anim,,
,way,inərə(+rə),3ANA.ANIM,3ANA.ANIM,a.anim+EMP,wayanatavares2005[183],
,aku,n+amo+ro,3ANA.ANIM.PL,3ANA.ANIM.PL,a.anim+PL-2+EMP,meira2002first[269],
,apa,ɨnaro,3ANA.ANIM.PL,3ANA.ANIM.PL,a.anim,koehn1986apalai[95],
,car,n+amo+ro,3ANA.ANIM.PL,3ANA.ANIM.PL,a.anim+PL-2+EMP,guerrero2019carijo[86],
,hix,ɲ+amo+ro,3ANA.ANIM.PL,3ANA.ANIM.PL,a.anim+PL-2+EMP,hixkaryanaderby1985[7],
,kar,inaro(+n),3ANA.ANIM.PL,3ANA.ANIM.PL,a.anim+?,courtz2008carib[53],Final /n/ only in eastern Surinamese.
,kar,ɲoro+kon,3ANA.ANIM.PL,3ANA.ANIM.PL,a.anim+PL-1,mosonyi1978kalina[35],Venezuelan Kari’ña. Also check ɲoronnekonro (?) in Alvarez 2016!
,kax,n+amo+r+jamɨ,3ANA.ANIM.PL,3ANA.ANIM.PL,a.anim+PL-2+EMP+PL-2,,
,mak,(n)+ɲan+no,INVIS.ANIM.PL,3ANA.ANIM.PL,a.anim+PL-2+EMP,maquiritaricaceres2011[122]; maquiritarihall1988[50],Assimilation of rə to ro / *-jamo _
pc-3animpl,PC,in+jamo,3ANA.ANIM.PL,3ANA.ANIM.PL,a.anim+PL-2,meira2002first[271],
,PPar,in+amo+ro,3ANA.ANIM.PL,3ANA.ANIM.PL,a.anim+PL-2+EMP,,
,PTar,n+amo,3ANA.ANIM.PL,3ANA.ANIM.PL,a.anim+PL-2,meira1998proto[67],
,PTir,n+amo(+ro),3ANA.ANIM.PL,3ANA.ANIM.PL,a.anim+PL-2+EMP,,
,PWai,in+amo+ro,3ANA.ANIM.PL,3ANA.ANIM.PL,a.anim+PL-2+EMP,,
,tri,n+amo,3ANA.ANIM.PL,3ANA.ANIM.PL,a.anim+PL-2,triomeira1999[154],
,uxc,(ɨ)n+a+ɣo,3ANA.ANIM.PL,3ANA.ANIM.PL,a.anim+PL-2+EMP,kuikurodossantos2007[55],Assimilation of rə to ro / *-jamo _
,wai,ɲe+ʃam+ro,3ANA.ANIM.PL,3ANA.ANIM.PL,a.anim+PL-2+EMP,,
,way,in+amo+ro,3ANA.ANIM.PL,3ANA.ANIM.PL,a.anim+PL-2+EMP,wayanatavares2005[183],
,aku,irə,3ANA.INAN,3ANA.INAN,a.inan,meira2002first[266],
,apa,ɨro,3ANA.INAN,3ANA.INAN,a.inan,koehn1986apalai[95],
,bak,ilə,3ANA.INAN,3ANA.INAN,a.inan,meiraDBbakairi,
,car,irə,3ANA.INAN,3ANA.INAN,a.inan,guerrero2019carijo[86],
,hix,ɨro,3ANA.INAN,3ANA.INAN,a.inan,hixkaryanaderby1985[7],
,kar,iro,3ANA.INAN,3ANA.INAN,a.inan,courtz2008carib[53],
,kax,iro,3ANA.INAN,3ANA.INAN,a.inan,,
,mak,ijə,INVIS.INAN,3ANA.INAN,a.inan,maquiritaricaceres2011[122],
pc-3inan,PC,irə,3ANA.INAN,3ANA.INAN,a.inan,meira2002first[271],
,PPar,iro,3ANA.INAN,3ANA.INAN,a.inan,,
,PPek,irə,3ANA.INAN,3ANA.INAN,a.inan,,
,PTar,irə,3ANA.INAN,3ANA.INAN,a.inan,meira1998proto[67],
,PTir,irə,3ANA.INAN,3ANA.INAN,a.inan,,
,PWai,ɨro,3ANA.INAN,3ANA.INAN,a.inan,,
,tri,irə,3ANA.INAN,3ANA.INAN,a.inan,triomeira1999[154],
,uxc,ile,3ANA.INAN,3ANA.INAN,a.inan,kuikurodossantos2007[57],
,uxc,ɨle,3ANA.INAN,3ANA.INAN,a.inan,kuikurodossantos2007[55],
,wai,ero,3ANA.INAN,3ANA.INAN,a.inan,waiwaihawkins1998[55],
,way,irə,3ANA.INAN,3ANA.INAN,a.inan,meira2002first[266],
,wmr,irɨ,3ANA,3ANA.INAN,a.inan,waimiribruno2003[77],
,kar,iro+kon,3ANA.INAN.PL,3ANA.INAN.PL,a.inan+PL-1,courtz2008carib[53],
,kax,iro+nne,3ANA.INAN.PL,3ANA.INAN.PL,a.inan+PL-4,,
,tri,irə+to(mo),3ANA.INAN.PL,3ANA.INAN.PL,a.inan+PL-3,triomeira1999[154],
,apa,mokɨ,DIST.ANIM,DIST.ANIM,d.anim,koehn1986apalai[95],
,ara,mook,DIST.ANIM,DIST.ANIM,d.anim,alves2017arara[167],
,ara,mogɨ(+n),DIST.ANIM,DIST.ANIM,d.anim+xinsg,alves2017arara[72],
,bak,məkə,DIST.ANIM,DIST.ANIM,d.anim,meiraDBbakairi,
,car,məkɨ,MED.ANIM,DIST.ANIM,d.anim,guerrero2019carijo[86],Switched meaning?
hix-danim,hix,mokɨ,DIST.ANIM,DIST.ANIM,d.anim,hixkaryanaderby1985[7],
,ikp,ugu+n,DIST.ANIM,DIST.ANIM,d.anim+xinsg,ikpengpacheco2001[119],
,ing,mɨkɨ,MED.ANIM,DIST.ANIM,d.anim,cruz2005fonologia[191],
,kar,moʔkɨ,DIST.ANIM,DIST.ANIM,d.anim,courtz2008carib[53],
,kax,mokɨ,DIST.ANIM,DIST.ANIM,d.anim,,
,mak,məkkɨ,DIST.ANIM,DIST.ANIM,d.anim,maquiritaricaceres2011[122],
,pan,muku(h),DIST.ANIM,DIST.ANIM,d.anim,panarepayne2013[89],
,PC,məkɨ,DIST.ANIM,DIST.ANIM,d.anim,meira2002first[271],
,PPar,mokɨ,DIST.ANIM,DIST.ANIM,d.anim,,
,PPek,məkɨ,DIST.ANIM,DIST.ANIM,d.anim,,
,PPem,məkɨ,DIST.ANIM,DIST.ANIM,d.anim,,
,PTar,məkɨ,DIST.ANIM,DIST.ANIM,d.anim,meira1998proto[67],
,PWai,mokɨ,DIST.ANIM,DIST.ANIM,d.anim,,
,PXin,mogɨ+n,DIST.ANIM,DIST.ANIM,d.anim+xinsg,,
,tam,make,DIST.ANIM,DIST.ANIM,d.anim,meira2002first[269],Probably məkɨ.
,tri,mə(kɨ),INVIS.ANIM,DIST.ANIM,d.anim,triomeira1999[154],
,uxc,ek+ise,DIST.ANIM,DIST.ANIM,d.anim+?,kuikurodossantos2007[55],
,wai,mɨkɨ,DIST.ANIM,DIST.ANIM,d.anim,,
,way,məkɨ,DIST.ANIM,DIST.ANIM,d.anim,wayanatavares2005[184],
,wmr,mɨkɨ,DIST.ANIM,DIST.ANIM,d.anim,waimiribruno2003[77],
,yab,məkɨ,DIST.ANIM,DIST.ANIM,d.anim,yawaranagrammar,
,yuk,ake,DIST,DIST.ANIM,d.anim,meira2003primeras,
,apa,mok+amo,DIST.ANIM.PL,DIST.ANIM.PL,d.anim+PL-2,koehn1986apalai[95],
,bak,aka+emo,DIST.ANIM.PL,DIST.ANIM.PL,d.anim+PL-2,meiraDBbakairi,
,car,mək+a,MED.ANIM.PL,DIST.ANIM.PL,d.anim+PL-2,guerrero2019carijo[86],Switched meaning?
hix-danim-pl,hix,mok+jamo,DIST.ANIM.PL,DIST.ANIM.PL,d.anim+PL-2,hixkaryanaderby1985[7],
,ikp,ug+jam,DIST.ANIM.PL,DIST.ANIM.PL,d.anim+PL-2,ikpengpacheco2001[119],
,kar,mookɨ+kon,DIST.ANIM.PL,DIST.ANIM.PL,d.anim+PL-1,alvarez2016esbozo[53],
,kar,moʔk+an,DIST.ANIM.PL,DIST.ANIM.PL,d.anim+PL-2,courtz2008carib[53],
,mak,makk+amo,DIST.ANIM.PL,DIST.ANIM.PL,d.anim+PL-2,maquiritaricaceres2011[122],
,pan,muku+kon,DIST.ANIM.PL,DIST.ANIM.PL,d.anim+PL-1,mattei1994diccionario[139],
,PC,mək+jamo,DIST.ANIM.PL,DIST.ANIM.PL,d.anim+PL-2,meira2002first[271],
,PPar,mok+jamo,DIST.ANIM.PL,DIST.ANIM.PL,d.anim+PL-2,,
,PPek,mək+jamo,DIST.ANIM.PL,DIST.ANIM.PL,d.anim+PL-2,,
,PTar,mək+jamo,DIST.ANIM.PL,DIST.ANIM.PL,d.anim+PL-2,meira1998proto[67],
,PWai,mok+jamo,DIST.ANIM.PL,DIST.ANIM.PL,d.anim+PL-2,,
,PXin,mog+jam,DIST.ANIM.PL,DIST.ANIM.PL,d.anim+PL-2,,
,tam,muk+iamo,DIST.ANIM.PL,DIST.ANIM.PL,d.anim+PL-2,meira2002first[269],Probably mək(ɨ)jamo.
,tri,mə(kɨ)+ja(mo),INVIS.ANIM.PL,DIST.ANIM.PL,d.anim+PL-2,triomeira1999[154],
,uxc,ak+a+ɣo,DIST.ANIM.PL,DIST.ANIM.PL,d.anim+PL-2+EMP,kuikurodossantos2007[55],Assimilation of rə to ro / *-jamo _
,wai,mɨk+jam,DIST.ANIM.PL,DIST.ANIM.PL,d.anim+PL-2,,
,way,mək+jamo,DIST.ANIM.PL,DIST.ANIM.PL,d.anim+PL-2,wayanatavares2005[184],
,yab,məkɨ+san+tomo,DIST.ANIM.PL,DIST.ANIM.PL,d.anim+PL-2+PL-3,yawaranagrammar,
,yuk,ak+ʃa,DIST.PL,DIST.ANIM.PL,d.anim+PL-2,meira2003primeras,
,apa,monɨ,DIST.INAN,DIST.INAN,d.inan,koehn1986apalai[95],
,ara,mon,DIST.INAN,DIST.INAN,d.inan,alves2017arara[53],
,ara,mun,DIST.INAN,DIST.INAN,d.inan,alves2017arara[93],
,car,mənɨ,DIST.INAN,DIST.INAN,d.inan,guerrero2019carijo[86],
,hix,monɨ,DIST.INAN,DIST.INAN,d.inan,hixkaryanaderby1985[7],
,ikp,mun,DIST.INAN,DIST.INAN,d.inan,ikpengpacheco2001[119],
,kar,monɨ,DIST.INAN,DIST.INAN,d.inan,courtz2008carib[53],
,kax,monɨ,DIST.INAN,DIST.INAN,d.inan,,
,mak,məənɨ,DIST.INAN,DIST.INAN,d.inan,maquiritaricaceres2011[122],
,pan,mu(h),DIST.INAN,DIST.INAN,d.inan,panarepayne2013[89],
,PC,mənɨ,DIST.INAN,DIST.INAN,d.inan,meira2002first[271],
,PPar,monɨ,DIST.INAN,DIST.INAN,d.inan,,
,PPek,mun,DIST.INAN,DIST.INAN,d.inan,,
,PTar,mənɨ,DIST.INAN,DIST.INAN,d.inan,meira1998proto[67],
,PWai,monɨ,DIST.INAN,DIST.INAN,d.inan,,
,PXin,mon,DIST.INAN,DIST.INAN,d.inan,,
,tri,mə(nɨ),INVIS.INAN,DIST.INAN,d.inan,triomeira1999[154],
,wai,mɨnɨ,DIST.INAN,DIST.INAN,d.inan,,
,way,mɨn(ɨ),DIST.INAN,DIST.INAN,d.inan,wayanatavares2005[184],
,yab,məni,DIST.INAN,DIST.INAN,d.inan,yawaranagrammar,
,yab,mənɨ+hne,DIST.INAN.PL,DIST.INAN.PL,d.inan+PL-4,yawaranagrammar,
,apa,mono+ʔne,DIST.INAN.PL,DIST.INAN.PL,d.inan+PL-4,koehn1986apalai[95],
,ikp,mu+jam,DIST.INAN.PL,DIST.INAN.PL,d.inan+PL-2,ikpengpacheco2001[119],
,kar,monɨ+kon,DIST.INAN.PL,DIST.INAN.PL,d.inan+PL-1,courtz2008carib[53],
,tri,mən+to(mo),INVIS.INAN.PL,DIST.INAN.PL,d.inan+PL-3,triomeira1999[154],
,way,mɨn(ɨ)+komo,DIST.INAN.PL,DIST.INAN.PL,d.inan+PL-1,wayanatavares2005[184],
,aka,kɨ+rə,MED.ANIM,MED.ANIM,d.anim+EMP,stegeman2014akawaio[85],
,aku,məkɨ+rə,MED.ANIM,MED.ANIM,d.anim+EMP,meiraDBakuriyo,
,apa,mokɨ+ro,MED.ANIM,MED.ANIM,d.anim+EMP,koehn1986apalai[95],
,bak,a+wəkə,MED.ANIM,MED.ANIM,?+d.anim,meiraDBbakairi,
,car,mək+ə,DIST.ANIM,MED.ANIM,d.anim+EMP,guerrero2019carijo[86],Switched meaning?
,hix,mok+ro,MED.ANIM,MED.ANIM,d.anim+EMP,hixkaryanaderby1985[7],
,ing,kɨ+rə(+rə),3ANA.ANIM,MED.ANIM,d.anim+EMP+EMP,cruz2005fonologia[162],
,kar,moʔk+o,MED.ANIM,MED.ANIM,d.anim+EMP,courtz2008carib[53],"If really reflex of EMP, unexpected form."
,kax,moko+ro,MED.ANIM,MED.ANIM,d.anim+EMP,,
,mac,mɨɨkɨ+rɨ,MED.ANIM,MED.ANIM,d.anim+EMP,,
,mak,məʔ+rə,PROX.ANIM,MED.ANIM,d.anim+EMP,maquiritaricaceres2011[122],
,pan,kə+n,INVIS.ANIM,MED.ANIM,d.anim+EMP,panarepayne2013[89],
,pem,məʔ+rə,MED.ANIM,MED.ANIM,d.anim+EMP,swiggers2010gramatica[120],
,PPar,moko+ro,MED.ANIM,MED.ANIM,d.anim+EMP,,
,PPem,məkɨ+rə,MED.ANIM,MED.ANIM,d.anim+EMP,,
,PPP,məkɨ(+rə),MED.ANIM,MED.ANIM,d.anim+EMP,,
,PTar,məkɨ+rə,MED.ANIM,MED.ANIM,d.anim+EMP,meira1998proto[67],
,PWai,mok+ro,MED.ANIM,MED.ANIM,d.anim+EMP,,
,tam,k+re+re,MED.ANIM,MED.ANIM,d.anim+EMP+EMP,meira2002first[269],Probably krərə or krɨrɨ.
,tri,məə+rə,MED.ANIM,MED.ANIM,d.anim+EMP,triomeira1999[154],
,wai,mɨk+ro,MED.ANIM,MED.ANIM,d.anim+EMP,,
,way,mək+rə(+rə),MED.ANIM,MED.ANIM,d.anim+EMP+EMP,wayanatavares2005[184],
,yab,mit͡ʃi+tomo,MED.ANIM.PL,PROX.ANIM.PL,p.anim+PL-3,yawaranagrammar,meaning change?
,apa,mok+a+ro,MED.ANIM.PL,MED.ANIM.PL,d.anim+PL-2+EMP,koehn1986apalai[95],
,car,mək+amo+ro,DIST.ANIM.PL,MED.ANIM.PL,d.anim+PL-2+EMP,guerrero2019carijo[86],Switched meaning?
,hix,mok+jamo,MED.ANIM.PL,MED.ANIM.PL,d.anim+PL-2,hixkaryanaderby1985[7],
,ing,k+amo(+ro),3ANA.ANIM.PL,MED.ANIM.PL,d.anim+PL-2+EMP,cruz2005fonologia[191],
,ing,mɨkɨ+jamə,MED.ANIM.PL,MED.ANIM.PL,d.anim+PL-2,cruz2005fonologia[191],
,kar,moʔk+a+ro(+n),MED.ANIM.PL,MED.ANIM.PL,d.anim+PL-2+EMP+?,courtz2008carib[53],Final /n/ only in eastern Surinamese.
,kax,mok+ja+rɨ,MED.ANIM.PL,MED.ANIM.PL,d.anim+PL-2+EMP,,
,mac,i+nk+amo+ro,MED.ANIM.PL,MED.ANIM.PL,?+d.anim+PL-2+EMP,,Assimilation of rə to ro / *-jamo _
,mak,k+an+no,MED.ANIM.PL,MED.ANIM.PL,d.anim+PL-2+EMP,maquiritaricaceres2011[122],Assimilation of rə to ro / *-jamo _
,pan,k+amə+n+ton,INVIS.ANIM.PL,MED.ANIM.PL,d.anim+PL-2+EMP+PL-3,panarepayne2013[89],
,pem,iʔsinnan,MED.ANIM.PL,MED.ANIM.PL,,garcia2006diccionario[77],
,PPar,mok+jamo,MED.ANIM.PL,MED.ANIM.PL,d.anim+PL-2,,
,PTar,məkɨ+rə+jamo,MED.ANIM.PL,MED.ANIM.PL,d.anim+EMP+PL-2,,
,tam,k+iamo+ro,MED.ANIM.PL,MED.ANIM.PL,d.anim+PL-2+EMP,meira2002first[269],Probably k(ɨ)jamoro.
,tri,məə+ja(mo),MED.ANIM.PL,MED.ANIM.PL,d.anim+PL-2,triomeira1999[154],
,way,mək+ja(+rə),MED.ANIM.PL,MED.ANIM.PL,d.anim+PL-2+EMP,wayanatavares2005[184],
,yab,mit͡ʃi+san+tomo,MED.ANIM.PL,PROX.ANIM.PL,p.anim+PL-2+PL-3,yawaranagrammar,meaning change?
,aka,mərə,MED.INAN,MED.INAN,m.inan,stegeman2014akawaio[197],
,aku,mərə,MED.INAN,MED.INAN,m.inan,meira1998proto[174],
,apa,moro,MED.INAN,MED.INAN,m.inan,koehn1986apalai[95],
,ara,moro,MED.INAN,MED.INAN,m.inan,alves2017arara[125],
,bak,mərə,MED.INAN,MED.INAN,m.inan,meira2005southern[180],
,car,mərə,MED.INAN,MED.INAN,m.inan,guerrero2019carijo[86],
,hix,moro,MED.INAN,MED.INAN,m.inan,hixkaryanaderby1985[7],
,ing,mə(r)ə,MED.INAN,MED.INAN,m.inan,cruz2005fonologia[191],
,kar,moro,MED.INAN,MED.INAN,m.inan,courtz2008carib[53],
,kax,moro,MED.INAN,MED.INAN,m.inan,schuring2018kaxuyana[94],
,mac,mɨrɨ+rɨ,MED.INAN,MED.INAN,m.inan+EMP,macushiabbott1991[105],
,mak,mərə,MED.INAN,MED.INAN,m.inan,maquiritaricaceres2011[122],
,map,mərɨ,MED.INAN,MED.INAN,m.inan,muller1975mapoyo[72],
,pan,mən,INVIS.INAN,MED.INAN,m.inan,panarepayne2013[89],
,PC,mərə,MED.INAN,MED.INAN,m.inan,meira2002first[271],
,pem,mərə,MED.INAN,MED.INAN,m.inan,swiggers2010gramatica[120],
,PPar,moro,MED.INAN,MED.INAN,m.inan,,
,PPek,mərə,MED.INAN,MED.INAN,m.inan,,
,PPem,mərə,MED.INAN,MED.INAN,m.inan,,
,PPP,mərə,MED.INAN,MED.INAN,m.inan,,
,PTar,mərə,MED.INAN,MED.INAN,m.inan,meira1998proto[67],
,PWai,moro,MED.INAN,MED.INAN,m.inan,,
,PXin,moro,MED.INAN,MED.INAN,m.inan,,
,tam,more,MED.INAN,MED.INAN,m.inan,meira2002first[269],Probably mərə.
,tri,mərə,MED.INAN,MED.INAN,m.inan,triomeira1999[154],
,uxc,eɣe,DIST.INAN,MED.INAN,m.inan,kuikurodossantos2007[55],
,wai,moro,MED.INAN,MED.INAN,m.inan,waiwaihawkins1998[97],
,way,mərə,MED.INAN,MED.INAN,m.inan,wayanatavares2005[184],
,wmr,mɨrɨ,MED.INAN,MED.INAN,m.inan,waimiribruno2003[77],check meaning
,yab,mərə,MED.INAN,MED.INAN,m.inan,,check meaning
,apa,moro+ʔne,MED.INAN.PL,MED.INAN.PL,m.inan+PL-4,koehn1986apalai[95],
,ing,mərə+jamə,MED.INAN.PL,MED.INAN.PL,m.inan+PL-2,cruz2005fonologia[191],
,kar,moro+kon,MED.INAN.PL,MED.INAN.PL,m.inan+PL-1,courtz2008carib[53],
,kax,moro+nne,MED.INAN.PL,MED.INAN.PL,m.inan+PL-4,,
,pan,mən+kon,INVIS.INAN.PL,MED.INAN.PL,d.inan+PL-1,panarepayne2013[89],
,tri,mərə+to(mo),MED.INAN.PL,MED.INAN.PL,m.inan+PL-3,triomeira1999[154],
,way,mərə+komo,MED.INAN.PL,MED.INAN.PL,m.inan+PL-1,wayanatavares2005[184],
hix-pl-2,hix,-jamo,PL,PL-2,PL-2,hixkaryanaderby1985[7],
,aku,məʔe,PROX.ANIM,PROX.ANIM,p.anim,meiraDBakuriyo,
,apa,mose,PROX.ANIM,PROX.ANIM,p.anim,koehn1986apalai[95],
,ara,mode+n,PROX.ANIM,PROX.ANIM,p.anim+xinsg,alves2017arara[129],
,bak,me+rə,PROX.ANIM,PROX.ANIM,p.anim+EMP,meiraDBbakairi,
,car,məhə,PROX.ANIM,PROX.ANIM,p.anim,guerrero2019carijo[86],Unexpected /h/ from /tj/
,hix,moso+nɨ,PROX.ANIM,PROX.ANIM,p.anim+?,hixkaryanaderby1985[7],
,ikp,ore+n,PROX.ANIM,PROX.ANIM,p.anim+xinsg,ikpengpacheco2001[119],
,kar,mo(ʔ)se,PROX.ANIM,PROX.ANIM,p.anim,courtz2008carib[53]; alvarez2016esbozo[53],"Venezuelan Kari’ña with glottal stop, not Surinamese Kari’ña."
,kax,moso+ro,PROX.ANIM,PROX.ANIM,p.anim+EMP,,
,mac,mɨse+rɨ,PROX.ANIM,PROX.ANIM,p.anim+EMP,,
,map,mehe,PROX.ANIM,PROX.ANIM,p.anim,muller1975mapoyo[72],
,pan,məh,PROX.ANIM,PROX.ANIM,p.anim,panarepayne2013[88],
,PC,mətjə,PROX.ANIM,PROX.ANIM,p.anim,meira2002first[271],
,pem,məsə+rə,PROX.ANIM,PROX.ANIM,p.anim+EMP,garcia2006diccionario[77],
,PPar,moso,PROX.ANIM,PROX.ANIM,p.anim,,
,PPek,məte,PROX.ANIM,PROX.ANIM,p.anim,,
,PPem,məse+rə,PROX.ANIM,PROX.ANIM+EMP,p.anim,,
,PPP,məse,PROX.ANIM,PROX.ANIM,p.anim,,
,PTar,mə(t͡ʃ)e,PROX.ANIM,PROX.ANIM,p.anim,meira1998proto[67],
,PWai,moso,PROX.ANIM,PROX.ANIM,p.anim,,
,PXin,mode+n,PROX.ANIM,PROX.ANIM,p.anim+xinsg,,
,tam,mot͡ʃe,PROX.ANIM,PROX.ANIM,p.anim,meira2002first[269],
,tri,məe,PROX.ANIM,PROX.ANIM,p.anim,triomeira1999[154],
,uxc,ese,PROX.ANIM,PROX.ANIM,p.anim,kuikurodossantos2007[55],
,wai,moso,PROX.ANIM,PROX.ANIM,p.anim,,
,way,mə(s)i,PROX.ANIM,PROX.ANIM,p.anim,wayanatavares2005[184],
,way,məhe,PROX.ANIM,PROX.ANIM,p.anim,wayanatavares2005[184],
,yab,kə+rə,PROX.ANIM,MED.ANIM,d.anim+EMP,yawaranagrammar,meaning change?
,yuk,ma(ʃ),PROX,PROX.ANIM,p.anim,meira2003primeras,
,aku,məe+t͡ʃamo,PROX.ANIM.PL,PROX.ANIM.PL,p.anim+PL-2,meiraDBakuriyo,
,apa,moʃ+iamo,PROX.ANIM.PL,PROX.ANIM.PL,p.anim+PL-2,koehn1986apalai[95],
,bak,asa+emo,PROX.ANIM.PL,PROX.ANIM.PL,p.anim+PL-2,meiraDBbakairi,
,car,mə+sa,PROX.ANIM.PL,PROX.ANIM.PL,p.anim+PL-2,guerrero2019carijo[86],
,hix,moʃ+amo,PROX.ANIM.PL,PROX.ANIM.PL,p.anim+PL-2,hixkaryanaderby1985[7],
,ikp,w+am,PROX.ANIM.PL,PROX.ANIM.PL,p.anim+PL-2,ikpengpacheco2001[119],
,kar,moʔse+kon,PROX.ANIM.PL,PROX.ANIM.PL,p.anim+PL-1,alvarez2016esbozo[53],Venezuelan Kari’ña
,kar,moo+jan,PROX.ANIM.PL,PROX.ANIM.PL,p.anim+PL-2,hoff1968carib[277],Final /n/ only in eastern Surinamese.
,kar,moʔ+sa+ro(+n),PROX.ANIM.PL,PROX.ANIM.PL,p.anim+PL-2+EMP+?,courtz2008carib[53],Final /n/ only in eastern Surinamese.
,kax,moʔ+t͡ʃa+rɨ,PROX.ANIM.PL,PROX.ANIM.PL,p.anim+PL-2+EMP,,
,mac,i+ns+emo+ro,PROX.ANIM.PL,PROX.ANIM.PL,?+p.anim+PL-2+EMP,,
,pan,məh+t͡ʃan+ton,PROX.ANIM.PL,PROX.ANIM.PL,p.anim+PL-2+PL-3,panarepayne2013[88],
,PC,mətjə+jamo,PROX.ANIM.PL,PROX.ANIM.PL,p.anim+PL-2,meira2002first[271],
,pem,i+ʔs+amə+rə,PROX.ANIM.PL,PROX.ANIM.PL,?+p.anim+PL-2+EMP,swiggers2010gramatica[120],
,PPar,moʔ+t͡ʃamo,PROX.ANIM.PL,PROX.ANIM.PL,p.anim+PL-2,,
,PPek,mət+jamo,PROX.ANIM.PL,PROX.ANIM.PL,p.anim+PL-2,,
,PTar,məe+t͡ʃamo,PROX.ANIM.PL,PROX.ANIM.PL,p.anim+PL-2,,[src](meira1998proto[67]): \**mə(t͡ʃ)e+t͡ʃamo*
,PWai,moʃ+amo,PROX.ANIM.PL,PROX.ANIM.PL,p.anim+PL-2,,
,PXin,mod+jam,PROX.ANIM.PL,PROX.ANIM.PL,p.anim+PL-2,,
,tam,t͡ʃ+amo+ro,PROX.ANIM.PL,PROX.ANIM.PL,p.anim+PL-2+EMP,meira2002first[269],
,tri,məe+sa(mo),PROX.ANIM.PL,PROX.ANIM.PL,p.anim+PL-2,triomeira1999[154],
,uxc,a+ɣo,PROX.ANIM.PL,PROX.ANIM.PL,PL-2+EMP,kuikurodossantos2007[55],Assimilation of rə to ro / *-jamo _; no trace of ese?
,wai,moʃ+am,PROX.ANIM.PL,PROX.ANIM.PL,p.anim+PL-2,waiwaihawkins1998[97],
,way,məh+am(o),PROX.ANIM.PL,PROX.ANIM.PL,p.anim+PL-2,wayanatavares2005[184],
,way,məh+a+rə,PROX.ANIM.PL,PROX.ANIM.PL,p.anim+PL-2+EMP,wayanatavares2005[184],
,yab,kə+rə+san+tomo,PROX.ANIM.PL,MED.ANIM.PL,d.anim+EMP+PL-2+PL-3,yawaranagrammar,meaning change?
,yuk,maʃ+a,PROX.PL,PROX.ANIM.PL,p.anim+PL-2,meira2003primeras,
,way,mə+sin,PROX.INAN,PROX.INAN,?+p.inan-2,wayanatavares2005[184],
,aka,serə,PROX.INAN,PROX.INAN-1,p.inan-1,akawaiocaesar2003[115],
,aku,t͡ʃerə,PROX.INAN,PROX.INAN-1,p.inan-1,meira1998proto[187],
,apa,sero,PROX.INAN,PROX.INAN-1,p.inan-1,koehn1986apalai[95],"Given as nondeictic, but not exemplified or argued for."
,ara,ero,PROX.INAN,PROX.INAN-1,p.inan-1,alves2017arara[184],
,bak,ʃirə,PROX.INAN,PROX.INAN-1,p.inan-1,meira2005southern[180],
,car,ərə,PROX.INAN,PROX.INAN-1,p.inan-1,guerrero2019carijo[86],
,ing,sə(rə),PROX.INAN,PROX.INAN-1,p.inan-1,cruz2005fonologia[191],
,kar,ero,PROX.INAN,PROX.INAN-1,p.inan-1,courtz2008carib[53],
,kax,soro,PROX.INAN,PROX.INAN-1,p.inan-1,schuring2018kaxuyana[94],
,mac,sɨrɨ+rɨ,PROX.INAN,PROX.INAN-1,p.inan-1+EMP,macushiabbott1991[105],
,mak,erə,PROX.INAN,PROX.INAN-1,p.inan-1,maquiritaricaceres2011[122],
,pan,sɨ(h),PROX.INAN,PROX.INAN-1,p.inan-1,panarepayne2013[89],
,PC,(tj)ərə,PROX.INAN,PROX.INAN-1,p.inan-1,meira2002first[271],
,pem,sərə,PROX.INAN,PROX.INAN-1,p.inan-1,garcia2006diccionario[77],
,PPar,soro,PROX.INAN,PROX.INAN-1,p.inan-1,,
,PPek,(t͡ʃ)erə,PROX.INAN,PROX.INAN-1,p.inan-1,,
,PPem,sərə,PROX.INAN,PROX.INAN-1,p.inan-1,,
,PTar,(t͡ʃ)ərə,PROX.INAN,PROX.INAN-1,p.inan-1,,[src](meira1998proto[67]): \**(t͡ʃ)erə*
,PXin,ero,PROX.INAN,PROX.INAN-1,p.inan-1,,
,tri,serə,PROX.INAN,PROX.INAN-1,p.inan-1,triomeira1999[154],
,uxc,iɣe,PROX.INAN,PROX.INAN-1,p.inan-1,kuikurodossantos2007[55],
,way,herə,PROX.INAN,PROX.INAN-1,p.inan-1,wayanatavares2005[184],
,aku,t͡ʃenɨ,PROX.INAN,PROX.INAN-2,p.inan-2,meiraDBakuriyo,
,apa,senɨ,PROX.INAN,PROX.INAN-2,p.inan-2,koehn1986apalai[95],
,ara,en,PROX.INAN,PROX.INAN-2,p.inan-2,alves2017arara[117],
,car,enɨ,PROX.INAN,PROX.INAN-2,p.inan-2,guerrero2019carijo[86],
,hix,onɨ,PROX.INAN,PROX.INAN-2,p.inan-2,hixkaryanaderby1985[7],
,ikp,n+en,PROX.INAN,PROX.INAN-2,?+p.inan-2,ikpengpacheco2001[119],
,kar,enɨ,PROX.INAN,PROX.INAN-2,p.inan-2,courtz2008carib[53],
,mac,seni,PROX.INAN,PROX.INAN-2,p.inan-2,macushiabbott1991[105],
,PC,(tj)ənɨ,PROX.INAN,PROX.INAN-2,p.inan-2,meira2002first[271],
,pem,senək,PROX.INAN,PROX.INAN-2,p.inan-2,garcia2006diccionario[77],
,PPar,onɨ,PROX.INAN,PROX.INAN-2,p.inan-2,,
,PPek,en,PROX.INAN,PROX.INAN-2,p.inan-2,,
,PTar,(t͡ʃ)enɨ,PROX.INAN,PROX.INAN-2,p.inan-2,meira1998proto[67],
,PWai,onɨ,PROX.INAN,PROX.INAN-2,p.inan-2,,
,PXin,en,PROX.INAN,PROX.INAN-2,p.inan-2,,
,tam,t͡ʃene,PROX.INAN,PROX.INAN-2,p.inan-2,meira2002first[269],Probably t͡ʃenɨ.
,tri,se(nɨ),PROX.INAN,PROX.INAN-2,p.inan-2,triomeira1999[154],
,wai,on,PROX.INAN,PROX.INAN-2,p.inan-2,waiwaihawkins1998[97],
,way,sinɨ,PROX.INAN,PROX.INAN-2,p.inan-2,wayanatavares2005[184],
,yab,seni,PROX.INAN,PROX.INAN-2,p.inan-2,mendez1959yawarana[69],
,apa,sero+ʔne,3ANA.ANIM.PL,PROX.INAN.PL,p.inan-1+PL-4,koehn1986apalai[95],
,apa,seno+ʔne,PROX.INAN.PL,PROX.INAN.PL,p.inan-2+PL-4,koehn1986apalai[95],
,ara,ero+ŋmo,PROX.INAN.PL,PROX.INAN.PL,p.inan-1+PL-1,alves2017arara[95],
,ikp,n+e+jam,PROX.INAN.PL,PROX.INAN.PL,?+p.inan-2+PL-2,ikpengpacheco2001[119],
,ing,sə(+rə)+jamə,PROX.INAN.PL,PROX.INAN.PL,p.inan-1+EMP+PL-2,cruz2005fonologia[191],
,kar,ero+kon,PROX.INAN.PL,PROX.INAN.PL,p.inan-1+PL-1,courtz2008carib[53],
,kar,enɨ+kon,PROX.INAN.PL,PROX.INAN.PL,p.inan-2+PL-1,courtz2008carib[53],
,kax,soro+nne,PROX.INAN.PL,PROX.INAN.PL,p.inan-1+PL-4,,
,pan,sɨ(h)+kon,PROX.INAN.PL,PROX.INAN.PL,p.inan-1+PL-1,panarepayne2013[89],
,way,herə+kom(o),PROX.INAN.PL,PROX.INAN.PL,p.inan-1+PL-1,wayanatavares2005[184],
,way,sin+kom(o),PROX.INAN.PL,PROX.INAN.PL,p.inan-2+PL-1,wayanatavares2005[184],
,yab,eni+hne,PROX.INAN.PL,PROX.INAN.PL,p.inan-2+PL-4,yawaranagrammar,
,ing,toʔ,3ANA.ANIM.PL,,toto,cruz2005fonologia[162],
,mac,uu+rɨ+ʔ+kon,1+2,,1+EMP+PL-3+PL-1,macushiabbott1991[99],
,mac,toʔ,3ANA.PL,,toto,macushiabbott1991[99],
,mac,siini,MED.INAN,,,macushiabbott1991[105],
,mak,məə+jə,MED.ANIM,,,maquiritaricaceres2011[122],
,pan,aɲimonton,2PL,,,panarepayne2013[88],
,pan,əmə(h),DIST/PROX,,,panarepayne2013[89],
,pem,juu+rə+to+kon,1+2,,1+EMP+PL-3+PL-1,swiggers2010gramatica[120],
,pem,toʔ,3ANA.PL,,toto,swiggers2010gramatica[120],
,pem,iʔ+jamə,DIST.ANIM,,,swiggers2010gramatica[120],
,pem,iʔ+samə,DIST.ANIM,,,swiggers2010gramatica[120],
,pem,misinnək,DIST.ANIM,,,garcia2006diccionario[77],
,pem,iʔ+jamo,DIST.ANIM.PL,,,swiggers2010gramatica[120],
,pem,iʔ+samo,DIST.ANIM.PL,,,swiggers2010gramatica[120],
,pem,sinnɨʔ,MED.INAN,,,swiggers2010gramatica[120],
,pem,senəʔton,PROX.INAN.PL,,,garcia2006diccionario[77],
,PPar,kɨ+?,1+2,,1a2+?+EMP,,
,PPar,iro,3ANA.INAN,,a.inan,,
,PPem,mərə,MED.INAN,,m.inan,,
,PPem,sərə,PROX.INAN,,p.inan-1,,
,PWai,kɨ+wɨ,1+2,,1a2+wform,,
,PWai,ɨro,3ANA.INAN,,a.inan,,
,tri,ohkɨ,DIST.ANIM,,,triomeira1999[154],
,tri,ohkɨ+ja(mo),DIST.ANIM.PL,,?+PL-2,triomeira1999[154],
,tri,ooni,DIST.INAN,,,triomeira1999[154],
,tri,ooni+to(mo),DIST.INAN.PL,,,triomeira1999[154],
,tri,serə+to(mo),PROX.INAN.PL,,p.inan-1+PL-3,triomeira1999[154],
,tri,sen+to(mo),PROX.INAN.PL,,p.inan-2+PL-3,triomeira1999[154],
,uxc,e+ek+ise,INVIS.ANIM,,?+d.anim+?,kuikurodossantos2007[55],
,wai,mo+ʃam,DIST.ANIM.PL,,d.anim+PL-2,,
,wai,on,PROX.INAN,,p.inan-2,,
,wai,tan,PROX.INAN,,,waiwaihawkins1998[97],
,way,tot(o),3ANA.ANIM.PL,,toto,wayanatavares2005[183],
,wmr,moʔo,DIST.INAN,,,waimiribruno2003[82],
,wmr,mɨmoʔ,DIST.INAN,,,waimiribruno2003[82],
,wmr,bɨ(bɨ),PROX.ANIM,,,waimiribruno2003[81],
,wmr,(h)and͡ʒi,PROX.INAN,,,waimiribruno2003[81],
,wmr,kand͡ʒi,PROX.INAN,,,waimiribruno2003[81],
,yuk,o(+r),3ANA,,,oquendo2007gramatica[36]; meira2003primeras,
,yuk,oka,3ANA.PL,,,oquendo2007gramatica[36]; meira2003primeras,
,yab,mit͡ʃi,MED.ANIM,PROX.ANIM,p.anim,,
,PPem,məse+rə,PROX.ANIM,PROX.ANIM,MED.ANIM+EMP,,
,yab,eni,PROX.INAN,PROX.INAN-2,p.inan-2,yawaranagrammar,
,map,n+aamo+tomo,3ANA.PL,3ANA.ANIM.PL,a.anim+PL-2+PL-3,villalon2000person[204],Length from loss of *rV. Variants with loss of /mo/
,map,təəj,3ANA,?,3t,villalon2000person[204],
,map,tj+an+tomo,3ANA.PL,?,3t+PL-2+PL-3,villalon2000person[204],
,yab,muni,DIST.INAN,DIST.INAN,d.inan,yawaranagrammar,
,yab,muni+hne,DIST.INAN.PL,DIST.INAN.PL,d.inan+PL-4,yawaranagrammar,
,yab,təwɨ,3ANA,?,3t,yawaranagrammar,
,yab,təwɨ+san+tomo,3ANA.PL,?,3t+PL-2+PL-3,yawaranagrammar,
,mak,tɨwɨ,3ANA,?,3t,maquiritaricaceres2011[120],
,mak,tɨ+n+wan+no,3ANA.PL,?,3t+mform+PL-2+EMP,maquiritaricaceres2011[120],
,pno,təj,3ANA,?,3t,mattei2003pemono[48],
,pno,tɨwɨ,3ANA,?,3t,mattei2003pemono[48],
,pno,təj+an+tomo,3ANA.PL,?,3t+PL-2+PL-3,mattei2003pemono[48],
,PMan,təwɨ+jan+tomo,3ANA.PL,?,3t+PL-2+PL-3,,
,PMan,təwɨ,3ANA,?,3t,,
,PPP,məkɨ,DIST.ANIM,DIST.ANIM,d.anim,,
,PPP,sərə,PROX.INAN,PROX.INAN-1,p.inan-1,,
,PPP,muC,DIST.INAN,DIST.INAN,d.inan,,
,PMan,nərə+jamo+tomo,3ANA.PL,3ANA.ANIM.PL,a.anim+PL-2+PL-3,,
